Ref_PRD,buyDate,saleDate,Brand,Category,Description,skuCode,taille,buyingPrice,forcastPrice,sellingPrice,salesPlace
10001,14/07/2021,16/07/2021,JORDAN,Accesoires,Bob Jordan quai 54,DM4968,M/L,24.74,,30,
10002,13/07/2021,17/07/2021,ADIDAS,Sneaker,ZX 1K BOOST,14879450104,43,55,,70,
10003,13/07/2021,19/07/2021,SOFSOLE,Accesoires,"""SOFSOLE
LACET ROND 120 CM""",LRB001,120 CM,4,,6,
10004,14/07/2021,19/07/2021,JORDAN,Accesoires,Bob Jordan quai 54,DM4968,S/M,24.74,,30,
10005,01/02/2021,25/07/2021,Supreme,Accessoires,Supreme Shit Bandana Black,SAISON FW17,OS,24,"30,00 ",30,
10006,01/02/2021,25/07/2021,Supreme,Accessoires,Supreme Shit Bandana White,SAISON FW17,OS,24,"35,00 ",30,
10007,08/06/2021,30/07/2021,NIKE,Sneaker,Dunk Low Free 99,DH0952-001,"9,5/43",110,,135,
10008,14/07/2021,30/07/2021,SUPREME,Accesoires,Supreme SOUTH2 WEST8 Jungle Hat Black,SSW8,S/M,91.2,,110,
10009,04/04/2019,28/08/2021,Supreme,Accessoires,Supreme Acrylic Photo Frame Set,SAISON SS19,OS,55,"65,00 ",65,
10010,23/08/2020,28/08/2021,Nike,Sneakers,Air Max 90 Camo green,CW4039-300,8US/41,150,,150,
10011,20/11/2020,28/08/2021,Travis Scott,Habits,Travis Scott action figure serie tee white,SS20,L,75,,75,
10012,11/12/2020,28/08/2021,Palace,Habits,Palace Arc'Teryx T-Shirt White,SAISON FW20,L,63,"80,00 ",80,
10013,11/12/2020,28/08/2021,Palace,Habits,Palace Arc'Teryx T-Shirt Teal,SAISON FW20,L,63,"80,00 ",80,
10014,02/01/2021,28/08/2021,PALACE,Habits,Palace Tri-Dart Hoodie White,SS20,S,131,,160,
10015,14/01/2021,28/08/2021,NIKE,Sneakers,Nike dunk Black TD,CW1509-100,9C,55,,60,
10016,08/02/2021,28/08/2021,JORDAN,Sneakers,Air Jordan 4 Sashiko,CW0898-400,"9,5US/43",225,,250,
10017,19/02/2021,28/08/2021,SUPREME,Habits,Supreme Water Pistol,SS21,M,56,,70,
10018,19/02/2021,28/08/2021,TVS,Accesoires,3X Lacets,X,120cm,2.1,,10,
10019,19/02/2021,28/08/2021,TVS,Accesoires,4 X Lacets,X,120 cm,2.8,,12,
10020,15/04/2021,28/08/2021,Supreme,Habits,Toy Pile Tee Purple,SS 21,S,56,"80,00 ",80,
10021,15/04/2021,28/08/2021,Supreme,Habits,Apes Tee White,SS 21,M,56,"70,00 ",70,
10022,20/02/2020,29/08/2021,SUPREME,Habits,Cherries tee light purple,SS20,M,60,,80,
10023,12/11/2020,29/08/2021,Travis Scott,Habits,Monolith Day t-shirt Brown,SS20,L,67,,75,
10024,12/11/2020,29/08/2021,Travis Scott,Habits,Motherboard Logo II t-shirt Brown,SS20,M,67,,75,
10025,19/02/2021,29/08/2021,TVS,Accesoires,2X Lacets,X,120 cm,1.4,,7,
10026,15/03/2021,29/08/2021,STUSSY,Accesoires,Playing Cards,X,OS,11,,15,
10027,02/05/2021,29/08/2021,NIKE,Sneakers,Vaporwaffle Sacai Dark Iris,DD1875-500,"9,5US/43",280,,300,
10028,26/07/2021,29/08/2021,NIKE,Sneakers,Dunk Parra,DH7695-600,"9US/42,5",110,,280,
10029,29/08/2021,03/09/2021,NIKE SB,Sneaker,Nike Dunk Low SB ACG Celadon,BQ68176-301,11US/45,140,,170,
10030,06/09/2021,08/09/2021,NEW BALANCE,Sneakers,New balance 327 white mint,MS327PP,10US/44,149.19,,200,
10031,31/08/2021,09/09/2021,Nike SB,Sneakers,Dunk SB Orange Label,CZ2249-100,10US/44EUR,180,,250,
10032,01/02/2021,10/09/2021,SUPREME,Accesoires,Supreme Bandana skull pill,SS17,OS,24,,40,
10033,31/08/2021,10/09/2021,NIKE,Sneakers,Dunk ID Blue,X,10US/44,59.49,,100,
10034,14/01/2021,11/09/2021,NIKE,Sneakers,Nike Dunk Black TD,CW1509-100,10C,55,,60,
10035,04/09/2021,11/09/2021,JORDAN,Sneakers,Jordan 4 White Oreo,CT8527-100,11US/45,189.99,,350,
10036,16/03/2019,19/09/2021,Nike,Sneakers,Air max 90 Mars Landing,CD0920-600,"10,5US/44,5 EUR",160,,130,
10037,01/10/2020,19/09/2021,Supreme,Accesoires,Supreme deck smurfs,SUP-SMSBK,OS,80,,122.81,
10038,20/11/2020,19/09/2021,Travis Scott,Habits,Tee Travis Fry,SS20,M,75,,75,
10039,20/11/2020,19/09/2021,Travis Scott,Habits,Tee Travis,SS20,M,75,,75,
10040,11/12/2020,19/09/2021,Stussy,Accesoires,Bonnet Stussy Nike,SS20,OS,43,,55,
10041,05/02/2021,19/09/2021,Jordan,Sneakers,Air Jordan 1 Mid Red Siren,BQ6472-004,"7,5W/38,5",125,"130,00 ",128.83,
10042,04/03/2021,19/09/2021,Supreme,Accesoires,Supreme Zippo Red,SS21,OS,62,,88.42,
10043,15/03/2021,19/09/2021,Stussy,Accesoires,Carte Bicycle Stussy,Blac-ea,OS,12,,14.86,
10044,15/03/2021,19/09/2021,Stussy,Accesoires,Carte Stussy,Blac-ea,OS,12,,15,
10045,15/03/2021,19/09/2021,Stussy,Accesoires,Bicycle Stussy playing Cards,EA,OS,13.5,,15,
10046,01/04/2021,19/09/2021,Supreme,Habits,Supreme Wheaties Tee White,SAISON SS 21,M,66,"75,00 ",75,
10047,15/04/2021,19/09/2021,Supreme,Accesoires,Supreme Deck Miles Davis,SS20,"8,25x32,125",80,,90,
10048,28/04/2021,19/09/2021,Jordan,Sneakers,Air Jordan 4 University Blue,CT8527-400,10US/44EU,189.99,,383.17,
10049,13/05/2021,19/09/2021,Supreme,Habits,Bob Supreme Crusher reflective,SS21,M/L,68,"85,00",79.28,
10050,13/05/2021,19/09/2021,Supreme,Habits,Bob Supreme Crusher reflective,SS21,M/L,68,"85,00",68,
10051,13/05/2021,19/09/2021,Supreme,Accesoires,Supreme crusher Bob,SS21,M/L,68,,90,
10052,19/05/2021,19/09/2021,Nike,Sneakers,Nike Dunk Low Photon Dust,DD1503-103,"9,5W/41EU",100,,245.62,
10053,31/08/2021,19/09/2021,Nike,Sneakers,Nike Dunk ID White,X,10US/44EUR,59.49,,100,
10054,31/08/2021,19/09/2021,Nike,Sneakers,Nike Dunk Off-White,DOW-24,12US/46EU,280,,330,
10055,03/09/2021,19/09/2021,Nike,Sneakers,Nike Dunk bordeaux,DD1503-108,8US/39EUR,100,,140,
10056,19/06/2021,19/09/2021,TVS,Accesoires,3 Lacets,LPTVS120,120,1.8,,9.91,
10057,14/09/2021,20/09/2021,NIKE,Sneakers,Nike Air Force 1 Cosmic Play,CZ5093-100,8US/41EU,114.18,,170,
10058,14/09/2021,20/09/2021,NIKE,Sneakers,Supreme Bandana Go Fuck Yourself Black,SS17,OS,24,,25,
10059,20/09/2021,23/09/2021,ADIDAS,Sneakers,Adidas Ultra Boost 5.0 Loves United DNA,GW5125,"10,5US/44,2-3",126,,160,
10060,25/12/2020,30/09/2021,Palace,Habits,Palace Tri-Ferg tee grey,SS20,L,51,,70,
10061,05/07/2021,05/10/2021,Supreme,Sneakers,Air Force 1 Supreme Black,CU9225-001,10US /44EU,122,,150,
10062,09/07/2021,09/10/2021,Jordan,Sneakers,Air Jordan 4 Lightning,,10US/44EU,,,,
10063,18/07/2021,18/10/2021,Nike,Sneakers,Dunk SB Low Wheat,BQ6817-204,10US/44EU,110,,179.22,
10064,24/09/2021,19/10/2021,Jordan,Sneakers,Air Jordan 1 Low Starfish,CZ0790-801,12US/46EU,141,,165.3,
10065,11/10/2021,21/10/2021,Nike,Sneakers,Nike Dunk low Goldenrod,DD1391-004,10US/44EU,110,,130,
10066,23/10/2021,26/10/2021,Adidas,Sneakers,Adidas Ultraboost DNA 1.0,GV7723,11US / 45EU,126,,160,
10067,10/09/2021,27/10/2021,Nike,Sneakers,Nike Dunk bordeaux,DD1503-108,"7,5/38,5EU",125,,130,
10068,28/07/2021,28/10/2021,Supreme,Sneakers,Air Force 1 Supreme Black,CU9225-001,12US/ 46EU,122,,150,
10069,08/11/2021,02/11/2021,Nike,Sneakers,Nike Dunk Low Black and white (GS),Cw1590-100,7Y/40EUR,89.99,,160.13,
10070,20/06/2020,06/11/2021,Jordan,Sneakers,Jordan 1 Retro High Zoom Zen Green,CK6637-002,"8,5US/42EU",170,"170,00 ",170,
10071,02/07/2020,06/11/2021,Supreme,Habits,Supreme Anno Domini Tee Yellow,SAISON SS20,M,50,"75,00 ",75,
10072,11/07/2020,06/11/2021,Jordan,Sneakers,Jordan 1 Retro High Light Smoke Grey,555088-126,"8,5US/42EU",160,"230,00 ",230,
10073,12/11/2020,06/11/2021,Travis Scott,Habits,Travis Scott Motherboard Logo II T-Shirt Brown,SAISON FW20,M,67,"75,00 ",,
10074,09/03/2021,06/11/2021,Nike,Sneakers,Nike Dunk High All Star,CW1590-001,6Y/38EU,95,,110,
10075,15/03/2021,06/11/2021,Stussy,Accesoires,Stussy Playing Cards,Blac-EA,OS,12,,15,
10076,30/09/2021,06/11/2021,Jordan,Sneakers,Air Jordan 1 Pollen,555088-701,"9,5US/43EUR",160,"190,00 ",,
10077,30/09/2021,06/11/2021,Jordan,Sneakers,Air Jordan 1 Pollen,555088-701,"9,5US/43EU",160,,190,
10078,11/10/2021,06/11/2021,Jordan,Sneakers,"Jordan 1 Retro High OG 
Seafoam (W)",CD046-002,"8,5 W / 40 EUR",160,,220,
10079,06/08/2021,06/11/2021,Supreme,Accesoires,Supreme Skull Pile Skateboard Deck,OS,OS,95,,130,
10080,06/08/2021,06/11/2021,TVS,Accesoires,3x Lacets,LPTVS115,115cm,1.8,,10,
10081,06/08/2021,06/11/2021,Jordan,Sneakers,"Jordan 1 Low
Pink Red (GS)",553560-162,"6,5Y/39EU",85,,110,
10082,06/08/2021,06/11/2021,Nike,Sneakers,Dunk High Vintage,DHVP,39,5,,45,
10083,06/08/2021,06/11/2021,Jordan,Sneakers,"Jordan 4 Retro
Lightning (2021)",CT8527-700,"8,5US/42EU",190,,250,
10084,06/08/2021,06/11/2021,Nike,Sneakers,"Nike Dunk High 
Championship Navy (GS)",DB2179-104,"6,5Y/39EUR",100,,120,
10085,14/02/2021,07/11/2021,Jordan,Sneakers,Jordan 1 Mid Hyper Royal (GS),554725-077,6Y/38EU,95,"110,00 ",100,
10086,18/02/2021,07/11/2021,Supreme,Habits,Supreme HNIC Tee White,SAISON SS21,M,58,"75,00 ",75,
10087,04/09/2021,07/11/2021,Jordan,Sneakers,"Air Jordan 4 Retro 
Shimmer (W)",DJ0675-200,"8,5W/40EU",190,,240,
10088,07/08/2021,07/11/2021,Jordan,Sneakers,Jordan 1 Retro High NC to Chi Leather (W),CD0461-046,"9W/40,5EU",190,"200,00 ",200,
10089,07/08/2021,07/11/2021,TVS,Accesoires,Lacet Plat TVS,LPTVS115,115 cm,3.2,,15,
10090,07/08/2021,07/11/2021,TVS,Accesoires,Lcet Plat TVS,LPTVS115,115 cm,1.8,,10,
10091,07/08/2021,07/11/2021,Jordan,Sneakers,Jordan 1 High Zoom Air CMFT psg,DB3610-105,"8,5US/42EU",150,,230,
10092,07/08/2021,07/11/2021,TVS,Accesoires,Lcet Plat TVS,LPTVS115,115 cm,1.8,,10,
10093,07/08/2021,07/11/2021,Jordan,Sneakers,"Jordan 1 Retro High 
""Not for Resale"" Varsity Red",861428-106,"9US/42,5",160,,410,
10094,07/08/2021,07/11/2021,Nike,Sneakers,"Nike LD Waffle 
sacai Undercover Black Bright Citron",DJ4877-001,10US/44EU,191,,200,
10095,07/08/2021,07/11/2021,Nike,Sneakers,"Nike Dunk High 
Black White (2021)",DD1399-105,"36,5",110,,160,
10096,07/08/2021,07/11/2021,Nike,Sneakers,"Nike Dunk Low 
Michigan (2021)",DD1391-700,"9US/42,5EU",110,,150,
10097,12/11/2021,15/11/2021,Nike,Sneakers,Nike Sacai Undercover waffle University red,DJ4877-300,10US/44EU,191,,220,
10098,08/11/2021,21/11/2021,Nike,Sneakers,Nike dunk black and white GS,Cw1590-100,7Y/40EU,89.99,,152.25,
10099,14/01/2021,22/11/2021,Nike,Sneakers,Nike Dunk Low UNLV,DD1391-002,12US/46EU,100,,178.35,
10100,08/11/2021,23/11/2021,Nike,Sneakers,Nike Dunk Low Georgetown,DD1391-003,12US/46EU,110,,165.3,
10101,08/11/2021,02/12/2021,Nike,Sneakers,Nike Dunk Low Black and white,DD1391-100,7 US/ 40 EUR,110,,225,
10102,14/01/2021,03/12/2021,Nike,Sneakers,Nike Dunk Low UNLV,DD1391-002,"11,5US/45,5EUR",100,,211.2,
10103,14/02/2021,03/12/2021,Jordan,Sneakers,Jordan 1 mid hyper royal,554725-007,"4,5Y/36,5EU",95,,110,
10104,02/09/2021,03/12/2021,Supreme,Sneakers, Montana Supreme cans,OS,OS,56,,100,
10105,02/09/2021,03/12/2021,Supreme,Sneakers, Montana Supreme cans,OS,OS,56,,170,
10106,08/11/2021,04/12/2021,Nike,Sneakers,Nike Dunk Low Black and white,DD1391-100,"6,5US/39EUR",150,,190,
10107,23/09/2021,06/12/2021,Supreme,Habits,Supreme trasher skyline tee black + Grey,SS21,Medium,120,,140,
10108,29/11/2021,07/12/2021,Nike,Sneakers,Nike Dunk Low Archeo Pink (w),DD1503/111,38/39/41,330,,430,
10109,29/11/2021,08/12/2021,Nike,Sneakers,Nike Dunk High University Red,DD1399-106,"9,5US/43EUR",109.99,,150,
10110,28/09/2021,17/12/2021,Nike,Sneakers,Nike Dunk Scrap Premium,DN1775-001,"9,5US/43EUR",109.99,,167.2,
10111,29/11/2021,17/12/2021,Nike,Sneakers,Nike Dunk High Moon Fossil (W),DD1869-002,"9,5US/43EUR",109.99,,130,
10112,11/12/2021,20/12/2021,Jordan,Sneakers,Jordan 11 cool grey (2021),CT8012-005,"9,5US/43EUR",189.99,,229.43,
10113,11/12/2021,20/12/2021,Jordan,Sneakers,Jordan 11 cool grey (2021),CT8012-005,"13 US/47,5EUR",189.99,,291.99,
10114,29/09/2021,30/12/2021,Nike,Sneakers,Nike SB Dunk Low Wheat (2020) (Size 7),BQ6817-204,7US/40EUR,110,,158.4,
10115,17/12/2021,06/01/2022,Nike,Sneakers,Nike Dunk Low Grey Fog,DD1391-103,"11,5US/45EUR",99.99,,277.2,
10116,06/10/2021,06/01/2022,Nike,Sneakers,Dunk High Game Royal,DB2179-102,7Y/40EUR,110,,196.06,
10117,08/11/2018,07/01/2022,Nike,Sneakers,Nike Air Force 1 Supreme x Comme Des Garcons,AR7623-001,10US/44EU,177,,400,
10118,19/12/2019,07/01/2022,Supreme,Habits,Supreme Eat Me Tee Black,SAISON FW19,M,50,"70,00 ",80,
10119,02/07/2020,07/01/2022,Supreme,Habits,Supreme Anno Domini Tee Navy,SAISON SS20,L,56,"70,00 ",70,
10120,29/08/2020,07/01/2022,Jordan,Sneakers,Air Jordan 4 Retro Union Guava Ice,DC9533-800,"8,5/42EUR",246,,650,
10121,20/11/2020,07/01/2022,Travis Scott,Habits,Travis Scott Squad Tee Brown,SAISON SS20,L,75,"75,00 ",75,
10122,18/02/2021,07/01/2022,Supreme,Habits,Supreme Raphael Tee Heather Grey,SAISON SS21,M,60,"80,00 ",80,
10123,01/04/2021,07/01/2022,Supreme,Habits,Supreme Wheaties Tee Black,SAISON SS 21,M,66,"75,00 ",75,
10124,15/04/2021,07/01/2022,Supreme,Habits,Dunk Tee Supreme Red,SS21,M,56,"70,00 ",80,
10125,17/04/2021,07/01/2022,Jordan,Sneakers,Air Jordan 1 High Hyper Royal,555088-402,"9,5US/43EU",160,"350,00 ",346.85,
10126,02/09/2021,07/01/2022,Jordan,Sneakers,Air jordan 1 Pollen,555088-701,12US/46EU,160,"186,66 ",,
10127,02/09/2021,07/01/2022,Jordan,Sneakers,Air jordan 1 Pollen,555088-701,12US/46EUR,160,,186.66,
10128,21/09/2021,07/01/2022,Nike,Sneakers,Nike Dunk Low Sail Light Bone (W),DD1503-107,11US/43EUR,100,,300,
10129,21/09/2021,07/01/2022,Nike,Sneakers,Nike Dunk Low Sail Light Bone (W),DD1503-107,"11,5US/44EUR",100,,300,
10130,30/09/2021,07/01/2022,Jordan,Sneakers,Air Jordan 1 Pollen,555088-701,"8,5US/42EUR",160,"186,66 ",186.66,
10131,30/09/2021,07/01/2022,Jordan,Sneakers,Air Jordan 1 Pollen,555088-701,"9,5US/43EUR",160,"186,66 ",,
10132,21/10/2021,07/01/2022,Nike,Sneakers,Nike Dunk Low Georgetown,DD1391-003,7US/40EUR,109,,172.72,
10133,24/11/2021,07/01/2022,Nike,Sneakers,Nike Dunk Low Pink Velvet (GS),DO6485-600,"6,5Y/39EUR",90,,170,
10134,29/11/2021,07/01/2022,Nike,Sneakers,Nike Dunk Low Georgetown (GS),CW1590-004,"4Y/36,5EUR",131,,172.72,
10135,29/11/2021,07/01/2022,Nike,Sneakers,Nike Dunk Low Georgetown (GS),CW1590-004,"5Y/37,5EUR",131,,172.72,
10136,29/11/2021,07/01/2022,Nike,Sneakers,Nike Dunk Low Georgetown (GS),CW1590-004,6Y/39EUR,131,,172.72,
10137,29/11/2021,07/01/2022,Nike,Sneakers,Nike Dunk Low Georgetown,DD1391-003,7US/40EUR,131,,172.72,
10138,29/11/2021,07/01/2022,Nike,Sneakers,Nike Dunk Low Georgetown,DD1391-003,8US/41EUR,131,,172.72,
10139,29/11/2021,07/01/2022,Nike,Sneakers,Nike Dunk Low Georgetown,DD1391-003,"8,5US/42EUR",131,,172.72,
10140,29/11/2021,07/01/2022,Nike,Sneakers,Nike Dunk Low Georgetown,DD1391-003,11US/45EUR,131,,172.72,
10141,29/11/2021,07/01/2022,Nike,Sneakers,Nike Dunk High Aluminum (W),DD1869-107,"8,5W/40EUR",119.99,,190,
10142,30/12/2021,07/01/2022,Jordan,Sneakers,Air Jordan 1 Patent Bred,555088-063,10US/44EUR,159,,270,
10143,17/12/2021 ,07/01/2022,Nike,Sneakers,Nike Dunk LowNext Nature Sail (W),DD1873-101,"7,5W/38,5EUR",99.99,,130,
10144,30/12/2021,09/01/2022,Supreme,Accesoires,Supreme Bonnet Yankees,,OS,80,,100,
10145,22/11/2021,11/01/2022,Nike,Sneakers,Nike Blaze Mid Mosaic,DA8854-400,10US/44EUR,89.39,,110,
10146,28/01/2022,07/02/2022,Nike,Sneakers,Air Force 1 Shadow Amethyst Ash,CI0919113,"6US/36,5EUR",75,,117.63,
10147,07/02/2022,10/02/2022,Adidas,Sneakers,"adidas Terrex Free Hiker 
Human Race Triple Black Pack",GZ9820,"10,5US/44,5EUR",122,,146.96,
10148,07/02/2022,10/02/2022,Nike,Habits,"Nike x Atmos NRG Vintage Patchwork Track Pant 
Black/Hyper Jade",SS19,Small,40.59,,72.16,
10149,07/02/2022,10/02/2022,Nike,Habits,Nike x Atmos NRG Vintage Patchwork Track Pant Black/Hyper Jade,SS19,Medium,40.59,,64.24,
10150,07/02/2022,12/02/2022,Nike,Habits,"Nike x Atmos NRG Vintage Patchwork Track Pant
Black/Hyper Jade",SS19,Small,40.59,,60,
10151,22/01/2022,21/02/2022,New Balance,Sneakers,New Balance 550 UNC,BB550HL1,38EUR,125.85,,270,
10152,15/02/2022,26/02/2022,Jordan,Sneakers,"Jordan 1 Mid SE 
Light Iron Ore (W)",DN4045-001,"36,5",162.69,,190,
10153,26/02/2020,28/02/2022,Nike,Sneakers,"Nike Dunk Low 
Venice (W)",DD1503-116,"9,5US/41EUR",130,,180,
10154,25/06/2021,28/02/2022,Nike,Sneakers,"Nike Dunk Low 
Free 99 White","
DH0952-100","9US/42,5EUR",110,,162.8,
10155,13/03/2021,28/02/2022,Supreme Nike,Habits,"Supreme Nike Cargo Sweatpant
Blue",SS21,L,150,,211.2,
10156,28/01/2021,01/03/2022,Nike,Sneakers,Air Force 1 Shadow Amethyst Ash,CI0919113,"6,5US/37,5EUR",75,,117.63,
10157,23/10/2021,01/03/2022,Adidas,Snekaers,"adidas Yeezy 450 
Cloud White","
H68038","12,5/47 1/3",200,,212.08,
10158,26/11/2021,01/03/2022,Adidas,Sneakers,"adidas Superstar AEC 
Sean Wotherspoon Superearth Black",GX3823,"5,5US/38,5EUR",73.5,,90,
10159,23/10/2021,04/03/2022,Adidas,Sneakers,Yeezy 450 Cloud white,H68038,"12,5US/47,1/3EUR",,,,
10160,01/03/2022,05/03/2022,Jordan,Sneakers,Air Jordan 1 Brotherhood,555088-706,12US/46EUR,160,,170,
10161,01/02/2022,06/03/2022,Nike,Sneakers,Nike Dunk Low 75TH NBA Chicago,DD3363-100,"9,5US/43 EUR",99.99,,149.6,
10162,14/01/2021,07/03/2022,Nike,Sneakers,Nike Dunk Low UNLV (RETOUR),DD1391-002,"8,5US/42EUR",100,,176,
10163,04/03/2022,07/03/2022,Supreme,Accesoires,Hanes Boxer White,99HAA36,XL,40,,52,
10164,07/02/2022,09/03/2022,Nike,Habits,Nike x Atmos NRG Vintage Patchwork Track Pant Black/Hyper Jade,SS19,S,40.59,,85,
10165,03/03/2022,12/03/2022,Supreme,Accesoires,Cap Washed Chino Blue/ Cap Washed Chino Green,SS22H106,OS,104,,130,
10166,06/11/2021,23/03/2022,Jordan,Sneakers,"Jordan 1 Retro High
White University Blue Black (GS)",575441-134,"5,5Y/39EUR",Trade SB Chicago,,"378,4 (430 stockx°)",
10167,17/02/2022,02/04/2022,Supreme,Habits,Supreme Gas Tee Black,SS22,M,51,,70,
10168,04/03/2022,02/04/2022,Supreme,Habits,Raised Handstyle Hoodie,SS22SW50,M,168,,200,
10169,24/03/2022,02/04/2022,Jordan,Sneakers,Jordan 1 Low golf Wolf grey,DD9315-002,"10,5US/44,5EUR",129.99,,175,
10170,26/03/2022,06/04/2022,Nike,Sneakers,Air Max 1AMD Ville Lumiere,DQ9326-100,"9,5W/41EU",180,,210,
10171,11/04/2022,13/04/2022,Nike,Sneakers,Nike Air Max 1 ville Lumière,DQ9326-100,11W/43EUR,170,,210,
10172,22/03/2022,20/04/2022,Nike,Sneakers,"Nike Dunk Low
Two-Toned Grey (GS)",DH9765-001,7Y/40EUR,90,,140.8,
10173,24/02/2022,21/04/2022,Jordan,Sneakers,"Jordan 1 Mid
Diamond Shorts",DH6933-100,7Y/40EUR,129.99,,171.6,
10174,07/01/2022,22/04/2022,Nike,Sneakers,Nike Dunk High Pink Prime (W),DD1869-110,7W/38EUR,109.99,,136.4,
10175,17/04/2022,24/04/2022,NEW balance,Sneakers,New Balance 550 White grey,BB550PB1,10US/44EUR,130,,150,
10176,07/01/2022,25/04/2022,Nike,Sneakers,Nike Dunk High Pink Prime (W),DD1869-110,"6,5Y/37,5EUR",109.99,,140.8,
10177,18/01/2022,25/04/2022,Nike,Sneakers,Dunk Low 3D Swoosh White Grey,DR0171-100,"6,5Y / 39 EUR",94.99,,107.83,
10178,23/04/2022,25/04/2022,Nike,Sneakers,Nike Dunk Low Next Nature Mint (w),DN1431-102,11 US /43EUR,99.99,,156.84,
10179,20/04/2022,04/05/2022,Nike,Sneakers,Nike Dunk Low Two tones grey,DJ6188-001,8 US / 41 EUR,158.68,,180,
10180,19/11/2021,05/05/2022,Nike,Sneakers,Nike air Max 1 Patta wave rush maroon,DO9549-001,"9 US / 42,5 EUR",178,,200,
10181,31/03/2022,06/05/2022,Nike,Sneakers,Nike air Max 1 SP concept Mellow,DN1803-300,"9 US / 42,5 EUR",160,,220,
10182,07/05/2022,13/05/2022,Nike,Sneakers,Nike Dunk Low rétro Black and white,DD1391-100,8 US / 41 EUR,190,,210,
10183,02/05/2022,18/05/2022,Nike,Sneakers,Nike Dunk Low scrap Wolf Grey,DC9723-001,"9,5 US / 43 EUR",109,,150,
10184,23/05/2022,28/05/2022,Nike,Sneakers,Nike Dunk Low Light Iron Ore,DV3497-001,"10,5US / 44 EUR",120,,135,
10185,12/10/2021,30/05/2022,Nike,Sneakers,Nike Air Max 1 Patta Waves Black (with Bracelet),"
DQ0299-001","8,5US/42EUR",178,,180,
10186,23/05/2019,05/06/2022,Supreme,Accesoires,Supreme Pélican Flash Light,Ss19,OS,65,,60,
10187,23/09/2021,05/06/2022,Supreme,Habits,Supreme Trasher Game Tee,FW21,M,60,,62,
10188,22/11/2021,05/06/2022,Nike,Habits,Nike ACG veste Sans manche,X,M,32.99,,40,
10189,21/12/2021,05/06/2022,Nike,Sneakers,Nike Dunk Low NH Winter Solstice,DO6723-800,"9 US / 40,5 EUR",120,,170,
10190,06/01/2022,05/06/2022,Nike,Sneakers,Nike Dunk Low Harvest Moon (w),DD1503/114,8 US / 39 EUR,99.99,,180,
10191,07/01/2022,05/06/2022,Nike,Sneakers,Nike Dunk High Pink Prime (GS),DD1869-110,"6 US / 36,5 EUR",109.99,,130,
10192,13/01/2022,05/06/2022,Jordan,Sneakers,Air Jordan 1 OG hand Crafted,DH3097-001,8 US / 41 EUR,160,,180,
10193,26/01/2022,05/06/2022,Nike,Sneakers,Nike Dunk Low Signal Blue Lemon,DQ0977-100,"5 Y / 37,5 EUR",94.99,,100,
10194,28/01/2022,05/06/2022,Nike SB,Habits,Nike SB Parra Japan Fédération Kit Tracksuit,FW21,M,115,,160,
10195,10/02/2022,05/06/2022,Jordan,Sneakers,Air Jordan 1 Mid Light iron (W),DN4045-001,"6 US / 36,5 EUR",129.99,,130,
10196,14/02/2022,05/06/2022,Nike,Sneakers,Nike Air Max 1 Patta Wave Monarch,DH1348-001,7 US / 40 EUR,230,,285,
10197,16/02/2022,05/06/2022,Jordan,Sneakers,Air Jordan 1 Mid SE Coconut Milk (W),DN4281-100,"5 US / 37,5 EUR",104.99,,120,
10198,17/02/2022,05/06/2022,Supreme,Habits,Supreme Model Tee,SS22,M,51,,62,
10199,17/02/2022,05/06/2022,Supreme,Habits,Supreme All Green Tee,SS21,M,51,,62,
10200,24/02/2022,05/06/2022,Jordan,Sneakers,Air Jordan 1 Brotherhood,555088-706,10 US / 44 EUR,169,,175,
10201,26/02/2022,05/06/2022,Nike,Sneakers,Nike Dunk Low Venice (w),DD1503-116,"6,5 US / 39 EUR",99.99,,180,
10202,04/03/2022,05/06/2022,Supreme,Habits,Supreme Dear Tee,SS22,XL,46,,62,
10203,07/03/2022,05/06/2022,Jordan,Sneakers,Air Jordan 1 Mid Pastel Grind (gs),DJ0338-100,7Y / 40 EUR,104.99,,120,
10204,25/03/2022,05/06/2022,Supreme,Habits,Supreme The North Face Tee,Ss21,L,63,,62,
10205,30/03/2022,05/06/2022,Nike,Sneakers,Nike Dunk High Khaki,DD1399-107,12 US / 46 EUR,119,,130,
10206,31/03/2022,05/06/2022,Nike,Sneakers,Nike Air Max 1 Concept,DN1803-300,"9 US / 42,5 EUR",160,,210,
10207,31/03/2022,05/06/2022,Supreme,Accesoires,Supreme Uncut Box Logo Deck,SS22,8.25,90,,105,
10208,31/03/2022,05/06/2022,Nike,Sneakers,Nike Dunk Low Next Nature Red (W),DN1431-101,"6,5 US / 37,5 EUR",99.99,,200,
10209,16/04/2022,05/06/2022,New Balance,Sneakers,New Balance 2002 r Protection Pack Mirage Grey,M2002RDD,"5 US / 37,5 EUR",170,,200,
10210,16/04/2022,05/06/2022,New Balance,Sneakers,New Balance 2002 r Protection Pack Mirage Grey,M2002RDD,"5,5 US / 38 EUR",170,,200,
10211,25/04/2022,05/06/2022,Nike,Sneakers,Nike Dunk Low Coconut Milk,DJ6188-100,"9,5 US / 43 EUR",99.99,,150,
10212,03/05/2022,05/06/2022,Nike,Sneakers,Air Jordan 1 Low Ashen Slate,553558-414,11 US / 46 EUR,109.99,,160,
10213,03/05/2022,05/06/2022,Jordan,Sneakers,Air Jordan 1 MId Mystic Mint Foam,554724-413,"9,5 US / 43 EUR",119.99,,150,
10214,16/05/2022,05/06/2022,Adidas,Sneakers,Adidas Yeezy Slide Onyx,HQ6448,9 US / 43 EUR,70,,110,
10215,16/05/2022,05/06/2022,Adidas,Sneakers,Adidas Yeezy Slide Glow Green,HQ6447,8 US / 42 EUR,70,,100,
10216,20/05/2022,05/06/2022,Jordan,Sneakers,Air Jordan 4 Military Black,DH6927-111,"8,5 US / 42 EUR",211,,330,
10217,20/05/2022,05/06/2022,Supreme,Habits,Supreme Malcolm X Tee,SS22,M,66,,62,
10218,23/05/2022,05/06/2022,Nike,Sneakers,Nike Zoom Pulse,CT1629-003,8 US / 41 EUR,59.63,,80,
10219,31/05/2022,05/06/2022,Nike,Sneakers,Nike Dunk Low Easter (2022),DD1503-001,"5,5 US/ 38 EUR",125,,150,
10220,06/06/2022,05/06/2022,Nike,Sneakers,Nike Claquette Victori,X,11 US / 45 EUR,23.99,,25,
10221,06/06/2022,05/06/2022,Nike,Sneakers,Nike Dunk Low Disrupt 2 Easter Pastel,DV3457-100,8 US / 39 EUR,151.48,,170,
10222,06/06/2022,05/06/2022,Nike,Sneakers,Nike Blazer Low 77 Jumbo White Alpha Orange Sail,DN2158-100,10 US / 44 EUR,75.99,,100,
10223,18/12/2022,05/06/2022,Jordan,Sneakers,Air Jordan 1 OG hand Crafted,DH3097-001,10 US / 44 EUR,160,,180,
10224,05/03/2022,05/06/2022,TVS,Accesoires,Lacets Plat TVS,LPTVS115,115 cm,3.2,,15,
10225,05/03/2022,05/06/2022,TVS,Accesoires,Lacets Plat TVS,LPTVS115,115 cm,3.2,,15,
10226,05/03/2022,05/06/2022,Nike,Sneakers,Nike Dunk Low Midas,DD1391-701,"8,5 US / 42 EUR",99.99,,120,
10227,05/03/2022,05/06/2022,TVS,Accesoires,Lacets Plat TVS,LPTVS115,115,3.2,,15,
10228,05/03/2022,05/06/2022,Supreme,Accesoires,Supreme Nike Crew Socks,SS21,"12 US / 13,5 US",32,,62,
10229,05/03/2022,05/06/2022,Supreme,Accesoires,"Supreme Metal Folding Chair 
Black",FW20,OS,60,,100,
10230,01/02/2021,06/06/2022,Supreme,Accesoire,Supreme Bandana shit Navy,FW17,OS,24,,30,
10231,07/05/2022,06/06/2022,Nike,Sneakers,Nike Dunk Low disrupt 2 snakeskin,DV3206-001,"10,5W/42,5EUR",119,,150,
10232,15/02/2022,18/06/2022,Nike,Sneakers,Nike Dunk High Championship Red,DD1399-106,10US/44EUR,115,,145,
10233,20/04/2022,18/06/2022,Nike,Sneakers,Nike Dunk High Australia (gs),DV7072-300,"6Y/38,5EUR",94.99,,125,
10234,08/06/2022,18/06/2022,Adidas,Sneakers,Adidas Yeezy Foam RNR Onyx,HP8739,"9,5US/43EUR",90,,180,
10235,07/10/2021,19/06/2022,Nike,Sneakers,Nike Dunk Low Off White Lot 23,DM1602-126,"8,5US/42,5EUR",300,,450,
10236,11/12/2021,19/06/2022,jordan,Sneakers,Air Jordan 11 Cool Grey,CT8012-005,"8,5US/42,5EUR",189.99,,240,
10237,05/03/2022,19/06/2022,Jordan,Sneakers,Air Jordan 1 Low Mocha,DC6991-200,10US/44EUR,120,,180 €,
10238,24/03/2022,19/06/2022,Jordan,Sneakers,Air Jordan 1 Low Golf UNC,DD9315-100,11 US / 45 EUR,129.99,,160,
10239,23/06/2022,03/07/2022,Nike,Sneakers,Nike Air Max Terrascape Plus Rattan,DN4587-400,10US/44EUR,89.97,,120,
10240,12/12/2020,13/07/2022,Jordan,Sneakers,"Jordan 11 Retro 
Jubilee (W)",AR0715-011,"8,5W/40EUR",220,,235.63,
10241,15/04/2022,16/07/2022,Nike,Sneakers,Nike Air Max Terrascape Plus Rattan,DN4587-200,7US/40EUR,89.97,,120,
10242,23/06/2022,18/07/2022,Nike,Sneakers,Nike Air Max Terrascape Plus Rattan,DN4587-200,"9US/42,5EUR",89.97,,105,
10243,31/03/2022,23/07/2022,Nike,Sneakers,"Nike SB Dunk Low Pro 
Paisley Brown","
DH7534-200","9US/42,5EUR",109.99,,210,
10244,23/06/2022,29/07/2022,Nike,Sneakers,Nike Air Max Terrascape Plus Rattan,DN4587-200,"9,5US/43EUR",89.97,,120,
10245,25/04/2022,17/08/2022,Nike,Sneakers,Dunk Low Coconut Milk,DJ6188-100,"11,5US/45,5EUR",99.99,,174.38,
10246,13/06/2022,17/08/2022,Nike,Sneakers,Dunk low Rose Whisper,DD1503-118,7W/38EUR,99.99,,141.13,
10247,09/07/2022,22/08/2022,Nike,Sneakers,Nike Terra Nocta Black,DH4692-001,"9,5 US / 43 EUR",164.99,,196.25,
10248,25/07/2022,22/08/2022,NEW balance,Sneakers,NEW balance 2002 R nightwatch green,M2002RHB,"8,5US/42EUR",130,,180,
10249,14/08/2022,22/08/2022,Nike,Sneakers,Nike Dunk Low USC,Dd1391-602,"8,5US/42EUR",110,,150,
10250,17/06/2022,23/08/2022,Jordan,Sneakers,Jordan 1 Low Bleached Coral,Cz0790-061,"10,5 US / 44,5EUR",130,,170,
10251,23/06/2022,23/08/2022,Nike,Sneakers,Dunk Low Valerian Blue,DD1391-400,8US/41EUR,110,,143.75,
10252,17/06/2022,27/08/2022,Jordan,Sneakers,Jordan 1 Low Bleached Coral,Cz0790-061,"6 US / 38,5 EUR",130,,200,
10253,25/04/2022,01/09/2022,Nike,Sneakers,Nike Dunk Low Coconut Milk,Dj6188-100,12 US / 46 EUR,99.99,,180,
10254,25/01/2022,02/09/2022,Jordan,Sneakers,Jordan 1 mid light Grey smoke anthracite,554724-078,"8,5 US / 42 EUR",129.99,,165.65,
10255,03/09/2022,02/09/2022,Jordan,Sneakers,Jordan 1 Low Bleached Coral,Cz0790-061,8 US / 41 EUR,155.74,,190,
10256,08/09/2022,02/09/2022,Nike,Sneakers,Nike Dunk Low Champs,DR9511-100,8 US/ 41 EUR,151.48,,190,
10257,23/07/2022,04/09/2022,Jordan,Habits,Jordan maison Château Rouge t-shirt White,Ss22,Medium,55,,90,
10258,19/06/2022,05/09/2022,Nike,Sneakers,Nike Dunk Low oxydized,DV6486-100,"9,5 US/ 43 EUR",109.99,,160,
10259,08/06/2022,08/09/2022,Adidas,Sneakers,Yeezy 350v2 Core Black Red,By9612,"9 US / 42,2-3 EUR",230,,280,
10260,08/06/2022,08/09/2022,Adidas,Sneakers,Yeezy 350 V2 Slate,HP7870,"9,5 US / 43 EUR",230,,280,
10261,23/06/2022,23/09/2022,Nike,Sneakers,Nike Dunk Low Valerian,DD1391-400,"9 US / 42,5 EUR",99.99,,190,
10262,25/06/2022,25/09/2022,Jordan,Sneakers,Jordan 1 High Taxi,555088-711,"6,5 US / 39 EUR",180,,190,
10263,14/07/2022,03/10/2022,NEW balance,Sneakers,New Balance 9060 Joe Freshgood pink,U9060JF1,9 US / 43 EUR,211,,280,
10264,02/09/2022,03/10/2022,Nike,Sneakers,Air force 1 supreme black,CU9225-001,"9 US / 42,5 EUR",140,,180,
10265,11/07/2022,12/10/2022,Nike,Sneakers,Air Max 1 Kasina Grey,DQ8475-001,"10,5 US / 44,5 EUR",170,,220,
10266,13/07/2022,23/10/2022,Nike,Sneakers,Nike Dunk Low Essential paisley barley (W),Dh4401-104,"11,5 US / 44 EUR",111,,140,
10267,15/09/2022,23/10/2022,Nike,Sneakers,Nike Dunk Low Oxford Pink,Dd1503-601,"7,5 W / 38,5 EUR",110,,140,
10268,11/10/2022,23/10/2022,Nike,Sneakers,Nike Dunk Low Peach Cream (W),Dd1503-801,39,111,,140,
10269,14/08/2022,25/10/2022,Nike,Sneakers,"Nike Dunk Low 
UCLA",DD1391-402,"8,5US/42EUR",109.99,,150,
10270,23/10/2022,25/10/2022,Nike,Sneakers,Nike air force 1 07 LV8 Sun Club,DM0117-100,8 US / 41 EUR,114.71,,135,
10271,22/03/2022,01/11/2022,Nike,Habits,Maillot Nike barcelone pink,"
Ss20-21",XL,19.99,,35,
10272,22/03/2022,01/11/2022,Nike,Habits,Maillot Nike Barcelone rayé,"
Ss20-21",XL,19.99,,35,
10273,25/01/2022,11/11/2022,Jordan,Sneakers,Jordan 1 Mid Anthracite,554724-078,8US/41EU,129.99,,180,
10274,27/05/2022,14/11/2022,Travis,Habits,Cactus Jack Brown tee,DM1285-259,M,49.99,,65,
10275,21/06/2022,14/11/2022,Nike,Sneakers,Nike Air Max Plus Junior green (GS),CD0609-016,"6,5 Y / 39 EUR",35,,90,
10276,27/10/2022,14/11/2022,Jordan,Sneakers,Jordan 1 Low Ice Blue Black,554723-401,"5 Y / 37,5 EUR",105,,150,
10277,17/11/2022,14/11/2022,Jordan,Sneakers,Jordan 1 mid french Blue fire Red (gs),DN3706-401,"5,5 Y / 38 EUR",110,,170,
10278,14/08/2022,14/11/2022,Supreme,Habits,Nike Supreme Socks Red,SS21,"10 US- 11,5 US",35,,50,
10279,16/06/2020,15/11/2022,Nike,Sneakers,Nike Air Max 90 Camo Orange,Cw4039-800,"8,5 US / 42 EUR",140,,180,
10280,24/11/2021,15/11/2022,Nike,Sneakers,Nike Air Max 1 Patta Rush Maroon,DO9549-001,8 US / 41 EUR,170,,190,
10281,23/06/2022,15/11/2022,Nike,Sneakers,Nike Dunk Low Océan (W),DV3029-100,"7,5 US /38,5 EUR",110,,180,
10282,15/08/2022,15/11/2022,Nike,Sneakers,Nike Dunk Low Peach Cream (W),DD1503-801,"6,5 US / 37,5 EUR",120,,160,
10283,16/08/2022,16/11/2022,Nike,Sneakers,Nike Dunk Low paisley barley Brown (W),DH4401-104,"6,5 US / 37,5 EUR",109.99,,140,
10284,16/08/2022,16/11/2022,Nike,Sneakers,Nike Dunk Low Medium Olive,DD1503-120,8 W / 39 EUR,121,,200,
10285,17/08/2022,17/11/2022,Jordan,Sneakers,Jordan 1 mid french Blue fire Red (gs),DN3706-401,"5 Y / 37,5 US",109.99,,170,
10286,17/08/2022,17/11/2022,Jordan,Sneakers,Jordan 1 Mid Sonics,554724-371,"9,5 US / 43 EUR",130,,175,
10287,18/08/2022,18/11/2022,Nike,Sneakers,Nike Dunk Low Peach Cream (W),DD1503-801,8 US / 39 EUR,125,,160,
10288,18/08/2022,18/11/2022,Nike,Sneakers,Nike Dunk Low Peach Cream (W),DD1503-801,8 US / 39 EUR,120,,145,
10289,18/08/2022,18/11/2022,Nike,Sneakers,Nike Dunk Low Bone Beige (W),FD0792-001,"7,5 US / 38,5 EUR",109.99,,150,
10290,18/08/2022,18/11/2022,Nike,Sneakers,Nike Dunk Low lottery Green,DR9654-100,8 US / 41 EUR,130,,180,
10291,18/08/2022,18/11/2022,Jordan,Sneakers,Jordan 1 Mid SE Light Mulberry,DC7267-500,8 W / 39 EUR,140,,180,
10292,19/08/2022,19/11/2022,Jordan,Sneakers,Jordan 1 mid shadow Red,554724-096,10 US / 44 EUR,157.65,,190,
10293,19/08/2022,19/11/2022,Nike,Sneakers,Nike Dunk Low Terry Swoosh,DZ4706-200,"6,5 US / 37,5 EUR",110,,160,
10294,19/08/2022,19/11/2022,Nike,Sneakers,Nike Air Max 1 La Ville Lumiere (W),DQ9326-100,"12 W / 44,5 EUR",170,,210,
10295,19/08/2022,19/11/2022,Nike,Sneakers,Nike Dunk Low Next Nature Pale Coral (W),DD1873-100,"9 W / 40,5 EUR",115,,180,
10296,21/08/2022,21/11/2022,Nike,Sneakers,Nike Dunk Low Team Red,DD1391-601,10 US / 44 EUR,110,,170,
10297,22/08/2022,22/11/2022,Nike,Sneakers,Nike Dunk Low Union Argon Blue Union,DJ9649-400,11 US / 45 EUR,330,,350,
10298,23/08/2022,23/11/2022,Nike,Sneakers,Nike Dunk Low Racer Blue,DD1391-401,10 US / 44 EUR,100,,170,
10299,23/08/2022,23/11/2022,Jordan,Sneakers,Jordan 1 Low tie-dye,DM1199-100,"8,5 US / 42 EUR",120,,160,
10300,23/08/2022,23/11/2022,Nike,Sneakers,Nike Sacai Clot kiss of death,DH3114-001,"6,5 US /39 EUR",190,,250,
10301,24/08/2022,24/11/2022,Nike,Sneakers,Nike Dunk Low Medium Olive,DD1503-120,"6,5 US / 37,5 EUR",238.66,,280,
10302,25/08/2022,25/11/2022,Nike,Sneakers,Nike Dunk Low Driftwood (W),DD1503-200,"8,5 W / 40 EUR",120,,150,
10303,26/08/2022,26/11/2022,Nike,Sneakers,Air Jordan 1 Mid French Blue,DN3706-401,12 US / 46 EUR,139.99,,200,
10304,26/08/2022,26/11/2022,Nike,Sneakers,Dunk Low Light Iron,DQ7576-001,10 W / 42 EUR,109.99,,170,
10305,26/08/2022,26/11/2022,Nike,Sneakers,Jordan 4 Red Thunder,CT8527-016,"8,5 US / 42 EUR",290,,350,
10306,26/08/2022,26/11/2022,Nike,Sneakers,Dunk Black,Cw1590-100,"5,5 Y / 38 EUR",150,,200,
10307,26/08/2022,26/11/2022,Nike,Sneakers,Dunk Black,Cw1590-100,"5 Y / 37,5 EUR",150,,200,
10308,26/08/2022,26/11/2022,Nike,Sneakers,Terra Nocta,DH4692-002,"9,5US/43EUR",155,,180,
10309,28/08/2022,28/11/2022,Nike,Sneakers,Nike Dunk Low Champs,DR9511-100,10 US / 44 EUR,150,,190,
10310,28/08/2022,28/11/2022,Nike,Sneakers,Nike Dunk Low UCLA,DD1391-402,11 US / 45 EUR,125.24,,180,
10311,28/08/2022,28/11/2022,Jordan,Sneakers,Air Jordan 1 High Gorge Green,DZ5485-303,11 US / 45 EUR,179.99,,220,
10312,29/08/2022,29/11/2022,Nike,Sneakers,Nike Dunk Low Ivory Hyper Royal,FB1843-141,36EUR,94.99,,130,
10313,30/08/2022,30/11/2022,Jordan,Sneakers,Jordan 4 Retro Infrared,DH6927-061,"8,5US/42EUR",200,,300,
10314,30/08/2022,30/11/2022,Nike,Sneakers,Nike Dunk Low Next Nature Sail (W),DD1873-101,"7,5W/38,5EUR",100,,190,
10315,02/09/2022,03/12/2022,Nike,Sneakers,Nike Dunk Low UCLA PRECO,DD1391-402,11 US / 45 EUR,118.99,,170,
10316,06/09/2022,07/12/2022,Jordan,Sneakers,AJ4 Infrared GS PRECO,408452-061,"38,5EUR",250.2,,300,
10317,06/09/2022,07/12/2022,Nike,Sneakers,Sacai Clot Préco,DH3114-001,"8,5US42EUR",203.79,,250,
10318,06/09/2022,07/12/2022,Nike,Sneakers,Dunk Black,Cw1590-100,"38,5EUR",150,,200,
10319,06/09/2022,07/12/2022,Nike,Sneakers,Dunk Honeydew,DQ7579-300,38EUR,120,,160,
10320,06/09/2022,07/12/2022,Nike,Sneakers,Dunk Champs,DR9511-100,"10,5US/44,5EUR",156.73,,200,
10321,06/09/2022,07/12/2022,Nike,Sneakers,Dunk UNLV,DD1391-002,42EUR,100,,200,
10322,06/09/2022,07/12/2022,Jordan,Sneakers,Air Jordan 1 Mid Fire Red,DN3706-401,"38,5EUR",,,140,
10323,07/09/2022,08/12/2022,Nike,Sneakers,Dunk Black,Cw1590-100,"37,5",150,,200,
10324,07/09/2022,08/12/2022,Nike,Sneakers,Dunk Black,Cw1590-100,"38,5",150,,200,
10325,07/09/2022,08/12/2022,Nike,Sneakers,Dunk Black,Cw1590-100,"42,5",150,,200,
10326,07/09/2022,08/12/2022,Jordan,Sneakers,Jordan 1 mid triple white,554724-130,"44,5",130,,140,
10327,08/09/2022,09/12/2022,Nike,Sneakers,Dunk Peach,DD1503-801,41,130.48,,160,
10328,08/09/2022,09/12/2022,Nike,Sneakers,Dunk NBA Chicago,DD3363-100,43,100,,160,
10329,09/09/2022,10/12/2022,Nike,Sneakers,Dunk Black,Cw1590-100,41,150,,200,
10330,11/09/2022,12/12/2022,Nike,Sneakers,Dunk Low Driftwood,DD1503-200,"37,5",,,150,
10331,11/09/2022,12/12/2022,Nike,Snkeakers,Dunk SB Skate like a girl,DX4589-600,"38,5",120,,200,
10332,11/09/2022,12/12/2022,Nike,Sneakers,Dunk SB Skate like a girl,DX4589-600,44,120,,200,
10333,11/09/2022,12/12/2022,Jordan,Sneakers,Jordan 1 Lost and Found,DZ5485-612,44,300,,400,
10334,11/09/2022,12/12/2022,Nike,Sneakers,Dunk Black,Cw1590-100,"38,5",150,,200,
10335,11/09/2022,12/12/2022,Nike,Sneakers,Dunk Nba Brooklyn Nets 150 cheque + 20 CB,DD3363-001,"42,5",,,170,
10336,11/09/2022,12/12/2022,Nike,Sneakers,Dunk Black,Cw1590-100,39,150,,200,
10337,11/09/2022,12/12/2022,Jordan,Sneakers,Air Jordan 4 Midnight Navy,DH6927-140,43,211,,330,
10338,12/09/2022,13/12/2022,Nike,Sneakers,Dunk Low Peach,DD1503-801,40,120,,160,
10339,12/09/2022,13/12/2022,Nike,Sneakers,Dunk Low Terry Swoosh,DZ4706-200,39,120,,160,
10340,13/09/2022,14/12/2022,Jordan,Sneakers,Air Jordan 1 Taxi,555088-711,41,180,,200,
10341,14/09/2022,15/12/2022,Jordan,Sneakers,Jordan 4 Canyon Rust,AQ9129-500,44,200,,300,
10342,14/09/2022,15/12/2022,Nike,Sneakers,Air max 1 Concept,DN1803-300,43,160,,220,
10343,15/09/2022,16/12/2022,Nike,Sneakers,Dunk Low Black,Cw1590-100,39,150,,200,
10344,16/09/2022,17/12/2022,Nike,Sneakers,Dunk Low Peach,DD1503-801,"38,5",120,,160,
10345,16/09/2022,17/12/2022,Nike,Sneakers,Dunk Low light Iron,DQ7576-001,40,120,,160,
10346,16/09/2022,17/12/2022,Nike,Sneakers,Dunk Low Oxidized,DV6486-100,"44,5",169.94,,200,
10347,16/09/2022,17/12/2022,Jordan,Sneakers,Jordan Mid french Blue,DN3706-401,39,161.98,,200,
10348,16/09/2022,17/12/2022,Nike,Sneakers,Dunk High Summit White,DB2179-107,"38,5",95,,130,
10349,18/09/2022,19/12/2022,Nike,Sneakers,Dunk High Orewood,,39,120,,160,
10350,18/09/2022,19/12/2022,Nike,Sneakers,Dunk Low Team red,DD1391-601,45,171.58,,220,
10351,19/09/2022,20/12/2022,Jordan,Sneakers,Jordan 1 High Retro Dark Marina Blue,555088-404,43,170,,190,
10352,19/09/2022,20/12/2022,Supreme,Habits,Andre 3000 Tee,SS22,L,52,,80,
10353,20/09/2022,21/12/2022,Nike,Sneakers,Dunk Next Natutre Phantom,DN1431-001,39,120,,150,
10354,21/09/2022,22/12/2022,Nike,Sneakers,Dunk Panda,Cw1590-100,"35,5",90,,200,
10355,21/09/2022,22/12/2022,Nike,Sneakers,Dunk Panda,Cw1590-100,"38,5",140,,200,
10356,21/09/2022,22/12/2022,Jordan,Sneakers,Jordan 4 A ma maniere,"
DV6773-220",43,462,,530,
10357,22/09/2022,23/12/2022,Jordan,Sneakers,Jordan 1 High Gorge Green,DZ5485-303,"42,5",180,,220,
10358,22/09/2022,23/12/2022,Jordan,Sneakers,Jordan 4 GS Messy Room,DR6952-400,"38,5",153,,210,
10359,19/11/2022,23/12/2022,Nike,Sneakers,"Nike Dunk Low SP
Kentucky (2020/2022)",CU1726-100,44,150,,200,
10360,,23/12/2022,Nike,Sneakers,Nike Dunk Low Peach Cream,DD1503-801,"36,5",,,160,
10361,20/12/2022,24/12/2022,Nike,Sneakers,Nike Dunk Low Panda,Cw1590-100,44,150,,180,
10362,31/12/2022,09/01/2023,Jordan,Sneakers,"Jordan 1 High OG 
Denim (W)",DM9036-104,7W/38EUR,233.4,,250,
10363,09/01/2023,09/01/2023,Nike,Sneakers,Dunk Panda,Cw1590-100,"37,5",150,,200,
10364,09/01/2023,10/01/2023,Nike,Sneakers,"Nike Dunk Low 
USC",DD1391-602,11US/45EUR,135,,160,
10365,22/12/2022,10/01/2023,Nike,Sneakers,"Nike Dunk Low 
Khaki Suede Gum",DZ4513-200,11US/45EUR,119.99,,130,
10366,12/12/2022,10/01/2023,Jordan,Sneakers,Jordan 1 High Taxi,555088-711,11US/45EUR,180,,220,
10367,16/12/2022,10/01/2023,Nike,Sneakers,"Nike Air Force 1 Low 
Drake NOCTA Certified Lover Boy",CZ8065-100,11US/45EUR,170,,180,
10368,,12/01/2023,Nike,Sneakers,Nike Dunk Low Peach Cream,DD1503-801,8 US /41 EUR,135,,160,
10369,,13/01/2023,Nike,Sneakers,Dunk Low USC,DD1391-602,12 US / 46 EUR,140,,170,
10370,,13/01/2023,Jordan,Sneakers,Jordan 1 Low Ice Blue (GS),555112-401,7 Y / 40 EUR,146,,170,
10371,,13/01/2023,Nike,Sneakers,Dunk Low Champs,DR9511-100,"9,5 US / 43 EUR",119.99,,175,
10372,,13/01/2023,Nike,Sneakers,Dunk Low Honeydew,DQ7579-300,"6,5 W / 37,5 EUR",130,,160,
10373,,13/01/2023,Nike,Sneakers,Dunk Low Panda,Cw1590-100,"6 US /38,5 EUR",150,,200,
10374,,13/01/2023,Jordan,Sneakers,Jordan 1 High Patent Bred,555088-063,"8,5 US / 42 EUR",250,,290,
10375,,13/01/2023,Nike,Sneakers,Dunk High Aluminium (GS),DB2179-110,"5,5Y / 38 EUR",99.99,,140,
10376,,14/01/2023,Nike,Sneakers,Dunk Low Honeydew,DQ7579-300,8 W / 39 EUR,130,,160,
10377,,14/01/2023,Nike,Sneakers,Dunk Low Stencil,FD0661-100,"9,5 US / 43 EUR",119.99,,150,
10378,,14/01/2023,Nike,Accesoires,Nike Off White 90s Cap,FW22,OS,49.99,,80,
10379,,16/01/2023,Nike,Sneakers,Nike Dunk Low Grey Fog,DD1391-103,"8,5 US / 42 EUR",150,,190,
10380,,16/01/2023,Nike,Sneakers,Dunk Low Next Nature Mint,DN1431-102,7 W / 38 EUR,130,,170,
10381,,16/01/2023,Nike,Sneakers,Dunk Low Champs,DR9511-100,"8,5 US / 42EUR",146,,190,
10382,,16/01/2023,Nike,Sneakers,Dunk Low Union Passport Purple,DJ9649-500,11 US / 45 EUR,200,,250,
10383,,16/01/2023,New Balance,Sneakers,2002 R Protection Pack Pink,M2002RDH,"9 US / 42,5 EUR",200,,230,
10384,,17/01/2023,Nike,Sneakers,Nike Dunk Low Peach Cream,DD1503-801,"6,5 US / 39 EUR",110,,160,
10385,,17/01/2023,Nike,Sneakers,Nike Dunk Low Panda,DD1391-100,"9 US / 42,5 EUR",150,,200,
10386,,18/01/2023,Nike,Sneakers,Nike Supreme air force 1 Black,CU9225-001,11 US / 45 EUR,140,,190,
10387,,18/01/2023,Nike,Sneakers,Nike Dunk Low bone Beige,FD0792-001,"37,5",109.99,,200,
10388,,18/01/2023,Nike,Sneakers,Nike Dunk Low Panda,CW1590-100,"37,5",150,,200,
10389,,18/01/2023,Nike,Sneakers,Nike Dunk Low Grey Fog,DD1391-103,43,150,,200,
10390,,19/01/2023,Supreme,Accesoires,Supreme New Era Beanie Red S Logo,FW22,OS,46,,75,
10391,,20/01/2023,Nike,Sneakers,Dunk Low Next Nature Mint,DN1431-102,"9W / 40,5 EUR",130,,170,
10392,,21/01/2023,Nike,Sneakers,Dunk Low Starry Laces (W),DZ4712-001,11 W / 43 EUR,119.99,,150,
10393,,21/01/2023,Nike,Sneakers,Dunk Low Panda,CW1590-100,"5,5 US / 38 EUR",150,,200,
10394,,21/01/2023,Supreme,Accesoires,Supreme New Era Beanie Black S Logo,FW22,OS,46,,75,
10395,,21/01/2023,Jordan,Sneakers,Jordan 1 mid Ice Blue,DV1302-400,10 US / 44 EUR,139.99,,180,
10396,,21/01/2023,Nike,Sneakers,Dunk Low Panda,DD1391-100,10 US / 44 EUR,166.3,,185,
10397,,21/01/2023,Nike,Sneakers,Nike Dunk High Australia (GS),DV7072-300,38,94.99,,120,
10398,,21/01/2023,Levis,Vetement,Levis 501 Denim Regular,OS,W34 L34,3.3,,21.44,
10399,,26/01/2023,New balance,Sneakers,1906 Protection Pack Black,M1906DD,"9 US / 42,5 EUR",181,,200,
10400,,26/01/2023,Nike,Sneakers,Dunk High Panda,DD1869-103,"36,5EUR",110.2,,150,
10401,,27/01/2023,Jordan,Sneakers,Jordan 1 Mid Ice Blue,555112-401,38 EUR,110,,160,
10402,,27/01/2023,Nike,Sneakers,Dunk Low Grey Fog,DD1391-103,"9 US / 42,5 EUR",160,,190,
10403,,28/01/2023,Nike,Sneakers,Supreme air force 1 white,CU9225-100,10 US / 44 EUR,140,,190,
10404,,28/01/2023,Jordan,Sneakers,Jordan 1 High Gorge Green,DZ5485-303,"5,5US/38EUR",179.99,,220,
10405,,30/01/2023,Adidas,Vetement,Veste survêtement ADIDAS VENTEX Challenger vintage,X,Large,7,,52,
10406,,30/01/2023,Nike,Sneakers,Dunk Low Mint,DN1431-102,"36,5",130,,170,
10407,,30/01/2023,Birkenstock,Sneakers,Birkenstock Boston Soft Footbed Suede Taupe (Narrow Fit),560773,38,84,,150,
10408,,31/01/2023,Nike,Sneakers,Dunk Low Grey Fog,DD1391-103,"8,5 US / 42 EUR",150,,190,
10409,,31/01/2023,Adidas,Vetement,Survêtement Adidas ventex Challenger marine Equipe de France 80's,X,Large,15,,148,
10410,01/01/2018,,Supreme,Accessoires,Working Gloves,SS 18,OS,0,"15,00 ",,
10411,01/01/2018,,Nike SB,Sneakers,Dunk SB Pushead,313233-001,10US,150,"550,00 ",,
10412,01/01/2020,,Jordan,Sneakers,Air Jordan 1 Mid Lakers,554724-708,"7,5US/40.5EU",240,"260,00 ",,
10413,07/11/2018,,Jordan,Sneakers,"Jordan 1 Retro High ""Not for Resale"" Varsity Red",861428-106,9US/42.5EU,150,"740,00 ",,
10414,08/11/2018,,Nike,Sneakers,Nike Air Force 1 Low Supreme x Comme des Garcons (2018),AR7623-001,10US/44EU,177,"400,00 ",,
10415,07/02/2019,,Nike,Sneakers,Nike Air Max 90 OFF-WHITE Black,AA7293-001,"9,5US/43EU",180,"650,00 ",,
10416,16/03/2019,,Nike,Sneakers,Air max 90 Mars Landing,CD0920-600,"10,5US",160,"130,00 ",,
10417,30/05/2019,,Nike,Sneakers,Nike Blazer Mid sacai Snow Beach,BV0072-700,"9,5US/43EU",280,"300,00 ",,
10418,18/09/2019,,Nike,Sneakers,Nike Air Max Tailwind 4 Sneakersnstuff 20th Anniversary,CK0901-400,"9,5US/43EU",40,"120,00 ",,
10419,20/02/2020,,Supreme,Habits,Supreme Cherries Tee Light Purple,SAISON SS20,M,60,"90,00 ",,
10420,22/02/2020,,Adidas,Sneakers,adidas Yeezy Boost 350 V2 Tail Light,FX9017,"9US/42,5EU",220,"304,75 ",,
10421,05/03/2020,,Supreme,Accessoires,Supreme Transparent Lock Clear,SAISON SS20,OS,30,30,,
10422,10/07/2020,,Travis Scott,Accessoires,Bape Nikki Beach Towel,SAISON FW19,OS,45,"50,00 ",,
10423,23/08/2020,,Nike,Sneakers,Air max 90 Duck Camo Verte,CW4039-300,8US/41,150,"150,00 ",,
10424,29/08/2020,,Jordan,Sneakers,Jordan 4 Retro Union Guava Ice,DC9533-800,"8,5US/42EU",246,"650,00 ",,
10425,29/08/2020,,Jordan,Sneakers,Jordan 4 Retro Union Guava Ice,DC9533-800,"8,5US/42EU",246,"650,00 ",,
10426,01/09/2020,,Nike SB,Sneakers,Nike SB Dunk Low J-Pack Chicago,BQ6817-600,7US/40EU,99,"400,00 ",,
10427,03/09/2020,,Supreme,Accessoires,Supreme Metal Folding Chair Black,SAISON FW20,OS,60,"100,00 ",,
10428,01/10/2020,,Supreme,Accessoires,Supreme Smurfs Skateboard Black,SUP-SMSBK,OS,80,"125,00 ",,
10429,31/10/2020,,Jordan,Sneakers,Jordan 1 Retro High Dark Mocha,555088-105,"9,5US/43EU",4,"430,00 ",,
10430,01/11/2020,,Supreme,Accessoires,Supreme The North Face Leather Shoulder Bag Red,SAISON FW18,OS,130,130,,
10431,12/11/2020,,Travis Scott,Habits,Travis Scott Monolith Day T-Shirt Brown,SAISON FW20,L,67,"75,00 ",,
10432,12/11/2020,,Travis Scott,Habits,Travis Scott Monolith Night T-Shirt Black,SAISON FW20,M,67,"75,00 ",,
10433,20/11/2020,,Travis Scott,Habits,Travis Scott Cactus Pack Sticker Hoodie Brown,SAISON SS20,M,160,"160,00 ",,
10434,20/11/2020,,Travis Scott,Habits,Travis Scott Sesame Tee Black,SAISON SS20,M,75,"75,00 ",,
10435,20/11/2020,,Travis Scott,Habits,Travis Scott Action Figure Series Tee White,SAISON SS20,L,75,"75,00 ",,
10436,20/11/2020,,Travis Scott,Habits,Travis Scott Fry Tee Brown,SAISON SS20,M?,75,"75,00 ",,
10437,01/12/2020,,Nike,Sneakers,Nike Air Rubber Dunk Off-White University Blue (TD),CW7444-100,5C/21EU,100,"115,00 ",,
10438,11/12/2020,,Palace,Habits,Palace Mr Hankey T-Shirt Black,SAISON FW20,L,63,"70,00 ",,
10439,11/12/2020,,Nike,Accessoires,Nike Stussy Cuff Beanie Black,SAISON SS20,OS,43,"65,00 ",,
10440,11/12/2020,,Nike,Accessoires,Nike Stussy Cuff Beanie White,SAISON SS20,OS,43,"55,00 ",,
10441,17/12/2020,,Supreme,Habits,Supreme Mariah Carey Tee White,SAISON SS20,L,66,"75,00 ",,
10442,25/12/2020,,Palace,Habits,Palace Tri-Ferg Colour Blur T-Shirt Grey Marl,SAISON FW20,L,51,"70,00 ",,
10443,01/01/2021,,Supreme,Habits,Supreme Gucci Mane Tee Yellow,SAISON FW16,M,60,"202,00 ",,
10444,02/01/2021,,Palace,Habits,Palace Tri-Dart Hood White,SAISON SS21,S,131,"160,00 ",,
10445,02/01/2021,,Palace,Habits,Palace Tri-Dart Hood Burgundy,SAISON SS21,S,131,"160,00 ",,
10446,06/01/2021,,Nike,Sneakers,Nike Dunk Low Harvest Moon (W),DD1503-114,8US/39EUR,99.99,"180,00 ",,
10447,07/01/2021,,Nike,Sneakers,Nike Dunk High Pink Prime (W),DD1869-110,"6US/36,5EUR",109,"130,00 ",,
10448,07/01/2021,,Nike,Sneakers,Nike Dunk High Pink Prime (W),DD1869-110,"6,5US/37,5EUR",109,"140,80 ",,
10449,07/01/2021,,Nike,Sneakers,Nike Dunk High Pink Prime (W),DD1869-110,7US/38EUR,109,"136,40 ",,
10450,08/01/2021,,Nike,Sneakers,Nike Air Max 97 Undefeated UCLA,DC4830-100,"9US/42,5EU",180,"200,00 ",,
10451,14/01/2021,,Nike,Sneakers,Nike Dunk Low Retro Medium Grey Varsity Red UNLV (2021),DD1391-002,12US/46EU,100,"211,20 ",,
10452,14/01/2021,,Nike,Sneakers,Nike Dunk Low Retro Medium Grey Varsity Red UNLV (2021),DD1391-002,"11,5/45,5EU",120,"175,00 ",,
10453,14/01/2021,,Nike,Sneakers,Nike Dunk Low Retro Medium Grey Varsity Red UNLV (2021),DD1391-002,"8,5US/42EU",100,"176,00 ",,
10454,14/01/2021,,Nike,Sneakers,Nike Dunk Low Retro White Black (TD),CW1589-100,10C,55,"60,00 ",,
10455,14/01/2021,,Nike,Sneakers,Nike Dunk Low Retro White Black (TD),CW1589-100,9C,55,"60,00 ",,
10456,01/02/2021,,Supreme,Accessoires,Supreme Go Fuck Yourself Bandana Black,SAISON SS17,OS,24,"25,00 ",,
10457,01/02/2021,,Supreme,Accessoires,Supreme Skull Pile Bandana Green,SAISON FW17,OS,24,"40,00 ",,
10458,07/02/2021,,Jordan,Sneakers,Jordan 1 Mid University Gold,554724-170,"9US/42,5EU",120,"140,00 ",,
10459,08/02/2021,,Jordan,Sneakers,Jordan 4 Retro SE Sashiko,CW0898-400,"9,5US/43EU",225,"250,00 ",,
10460,08/02/2021,,Nike,Sneakers,Nike Air Force 1 Low Valentines Day (2021),DD7117-100,"9,5US/43EU",119,"150,00 ",,
10461,14/02/2021,,Jordan,Sneakers,Jordan 1 Mid Hyper Royal (GS),554725-077,"4,5Y/36,5",95,"110,00 ",,
10462,14/02/2021,,Jordan,Sneakers,Jordan 1 Mid Hyper Royal (GS),554725-077,"6,5Y/38,5EU",95,"110,00 ",,
10463,16/02/2021,,Jordan,Sneakers,Jordan 1 mid se coconult milk particle grey (GS),DN4346-100,"5Y/37,5EUR",104.99,"120,00 ",,
10464,17/02/2021,,Nike,Sneakers,Nike Dunk High Ambush Active Fuchsia,CU7544-600,"9,5US/43EU",180,"210,00 ",,
10465,17/02/2021,,Jordan,Sneakers,Air Jordan 1 mid banned,554725-074,"5,5Y/38EU",84,"117,00 ",,
10466,18/02/2021,,Supreme,Accessoires,Supreme Fine Wale Corduroy S Logo 6-Panel,SAISON SS21,OS,58,"65,00 ",,
10467,19/02/2021,,Supreme,Habits,Water Pistol Tee,SAISON SS21,M,56,"75,00 ",,
10468,19/02/2021,,Nike,Habits,Green Tee Nike x Stussy,DD3342,M,44.99,"45,00 ",,
10469,04/03/2021,,Supreme,Accessoires,Supreme Rawlings Chrome Maple Wood Baseball Bat Red,SAISON SS21,OS,298,"300,00 ",,
10470,04/03/2021,,Supreme,Accessoires,Supreme Logo Zippo Red,SAISON SS21,OS,62,"90,00 ",,
10471,09/03/2021,,Nike,Sneakers,Nike Dunk High All Star,CW1590-001,"6Y/38,5",95,"110,00 ",,
10472,10/03/2021,,Nike,Sneakers,Nike Dunk High All Star,DD1398-300,"9,5US/43EU",110,"140,00 ",,
10473,13/03/2021,,Supreme,Habits,Supreme Nike Cargo Sweatpant Blue,SAISON SS21,L,150,"211,20 ",,
10474,16/03/2021,,Nike,Sneakers,"NIKE DUNK LOW ""HYPER COBALT",DD1391-001,10US/44EU,100,"130,00 ",,
10475,17/03/2021,,Supreme,Habits,Supreme Nike Jacquard Logos Beanie,SAISON SS21,OS,50,"60,00 ",,
10476,31/03/2021,,Nike,Sneakers,Air Force 1 Coconut Sail,DH3856-100,7W/38EU,125,"150,00 ",,
10477,02/04/2021,,Supreme,Habits,KAWS Chalk Logo 5-Panel,SAISON SS 21,OS,60,"80,00 ",,
10478,09/04/2021,,Supreme,Sneakers,Air Force 1 Supreme Black,CU9225-001,"10,5US/44,5EU",122,"150,00 ",,
10479,12/04/2021,,Nike,Sneakers,Air Max 90 Bacon,CU1816-100,"5,5US/38EU",160,"180,00 ",,
10480,13/04/2021,,Nike,Sneakers,Air Force 1 Shadow Sail Barely,CU8591-104,"8,5W/40EU",110,"130,00 ",,
10481,14/04/2021,,Nike,Sneakers,Air Force 1 coconut Sail,DH3856-100,"6,5W/37,5EU",114,"130,00 ",,
10482,15/04/2021,,Jordan,Sneakers,Air Jordan 1 Mid Tropical,554724-132,"9US/42,5EU",120,"150,00 ",,
10483,15/04/2021,,Supreme,Accessoires,Miles Davis Skateboard,SS 21,8.25 X 32.125,80,"90,00 ",,
10484,28/04/2021,,Jordan,Sneakers,Air Jordan 4 University Blue,CT8527-400,10US/44,190,"390,00 ",,
10485,02/05/2021,,Nike,Sneakers,Nike Vaporwaffle sacai Dark Iris,DD1875-500,"9,5US/43",0,"0,00 ",,
10486,06/05/2021,,Supreme,Habits,Supreme Nike Black Sock,SS21,"44-45,5",32,"60,00 ",,
10487,19/05/2021,,Nike,Sneakers,Dunk low Photon dust,DD1503-103,"9,5W/41",100,"250,00 ",,
10488,08/06/2021,,Nike,Sneakers,Dunk Low Free 99,DH0952-001,"9,5US",110,"135,00 ",,
10489,11/06/2021,,Supreme,Accessoires,Supreme Montana Can,SS21,OS,56,"100,00 ",,
10490,25/06/2021,,Nike,Sneakers,Dunk Low Free 99,DH0952-100,9US,110,"130,00 ",,
10491,13/07/2021,,SOFSOLE,Accessoires,"SOFSOLE
LACET ROND 120 CM",LRB001,120 cm,4,"6,00 ",,
10492,31/07/2021,,Nike SB,Sneakers,Nike Dunk Parra,DH7695-600,"9US/42,5EU",110,"280,00 ",,
10493,31/08/2021,,Nike,Sneakers,Nike Dunk Id White,,"9,5US/43EU",59.49,"100,00 ",,
10494,31/08/2021,,Nike,Sneakers,Nike Dunk Id Blue,,10US/44EU,59.49,"100,00 ",,
10495,31/08/2021,,Nike SB,Sneakers,Nike Dunk Low SB ACG Celadon,BQ68176-301,11US/45EU,140,"170,00 ",,
10496,31/08/2021,,Nike SB,Sneakers,Nike SB Dunk Low Orange Label,CZ2249-100,10US/44EU,180,"217,50 ",,
10497,02/09/2021,,Jordan,Sneakers,Air jordan 1 Mid Wolf grey,BQ6472-105,"7,5W/38,5EU",120,"180,00 ",180,
10498,02/09/2021,,Jordan,Sneakers,Air jordan 1 Mid Wolf grey,BQ6472-105,"
7,5W/38,5EU",120,"180,00 ",,
10499,02/09/2021,,New Balance,Sneakers,New Balance 327 Primary Pack White,MS327PP,10US/44EU,149.19,"200,00 ",,
10500,03/09/2021,,Nike,Sneakers,Nike Dunk Bordeaux,DD1503-108,8W/39EU,100,"140,00 ",,
10501,04/09/2021,,Jordan,Sneakers,Air jordan 4 White oreo,CT8527-100,11US/45EU,189.99,"350,00 ",,
10502,04/09/2021,,Jordan,Sneakers,"Air Jordan 4 Retro
Shimmer (W)","
DJ0675-200","8,5W/40EU",189.99,"240,00 ",,
10503,06/09/2021,,Adidas,Sneakers,Adidas Yeezy Slide Glow Green,GX6138,9US/43EU,60,"110,00 ",110,
10504,06/09/2021,,Adidas,Sneakers,Adidas Yeezy Slide Glow Green,GX6138,10US/44EU,60,"100,00 ",100,
10505,10/09/2021,,Nike,Sneakers,Air force 1 Cosmic Clay,CZ5093-100,8US/41EU,114.18,114.18,,
10506,10/09/2021,,Nike,Sneakers,Nike Dunk Bordeaux,DD1503-108,7.5US/38.5EU,125,"130,00 ",,
10507,20/09/2021,,Adidas,Sneakers,Adidas Ultra Boost 5.0 Love United,GW5125,"10,5US/44,2/3EU",126,"165,00 ",,
10508,21/09/2021,,Nike,Sneakers,Nike Dunk Low Sail Light Bone (W),DD1503-107,"8,5US/40EU",100,"180,00 ",180,
10509,21/09/2021,,Nike,Sneakers,Nike Dunk Low Sail Light Bone (W),DD1503-107,"10,5US/42,5EU",100,"250,00 ",250,
10510,21/09/2021,,Nike,Sneakers,Nike Dunk Low Sail Light Bone (W),DD1503-107,11US/43EU,100,"300,00 ",,
10511,21/09/2021,,Nike,Sneakers,Nike Dunk Low Sail Light Bone (W),DD1503-107,"11,5US/44EU",100,"300,00 ",,
10512,23/09/2021,,Supreme,Habits,Supreme Trasher Tee Game Black,FW2021,Medium,54,0,,
10513,23/09/2021,,Supreme,Habits,Supreme Trasher skyline tee ash grey,FW21,Medium,54,"75,00 ",,
10514,23/09/2021,,Supreme,Habits,Supreme Trasher Skyline Tee Black,FW21,Medium,60,"70,00 ",,
10515,23/09/2021,,Supreme,Habits,Supreme Trasher Game Tee Vert,FW21,Medium,60,"62,00 ",,
10516,24/09/2021,,Nike,Sneakers,Air Jordan 1 Low Starfish,Cz0790-801,12US/46EUR,141,"165,30 ",,
10517,24/09/2021,,Nike SB,Sneakers,SB Dunk High Gundam,DH7717-100,"7,5US/40,5EUR",140,"180,00 ",180,
10518,28/09/2021,,Jordan,Sneakers,Air Jordan 1 Prototype,DC6515-100,"9,5US/43EU",160,"190,00 ",190,
10519,28/09/2021,,Nike,Sneakers,Nike Dunk Scrap Premium,DN1775-001,"9,5US/43EU",109.99,"167,20 ",,
10520,28/09/2021,,Supreme,Sneakers,Air Force 1 Supreme White,CU9225-100,"6US/38,5EUR",122,"200,00 ",220,
10521,28/09/2021,,Supreme,Sneakers,Air Force1 Supreme Noir,CU9225-001,10US/44EUR,122,"150,00 ",,
10522,30/09/2021,,Supreme,Sneakers,Supreme Military Black Boonie,FW21,S/M,74,"100,00 ",,
10523,07/10/2021,,Nike,Sneakers,Nike Dunk High Next Nature Summit white (W),DN9909-100,8US/39EUR,129,"130,00 ",130,
10524,07/10/2021,,Jordan,Sneakers,Air Jordan 4 motorsport,308497-117,"8,5US/42EUR",300,"470,00 ",470,
10525,07/10/2021,,Nike,Sneakers,Air Max 1 Patta noise Aqua,DH1348-004,10US/44EUR,160,"260,00 ",260,
10526,07/10/2021,,Nike,Sneakers,Nike Dunk Low city Market,DA6125-900,8US/41EUR,155,"200,00 ",200,
10527,08/10/2021,,Nike,Sneakers,Nike Sacai Waflle Undercover Bright Citrus,DJ4877-001,10US/44EUR,180,"210,00 ",,
10528,08/10/2021,,Nike,Sneakers,Nike Dunk Retro Low black and white (GS),CW1590-100,7Y/40EUR,180,"152,25+160,13 (312,38)",,
10529,11/10/2021,,Nike,Sneakers,"Nike Dunk Low
Goldenrod (2021)",DD1391-004,"9,5 US / 43 EUR",110,"150,00 ",150,
10530,11/10/2021,,Nike,Sneakers,"Nike Dunk Low EMB
NBA 75th Anniversary Chicago",DD3363-100,"9 US / 42,5 EUR",110,"180,00 ",,
10531,11/10/2021,,Jordan,Sneakers,"Jordan 1 Retro High OG
Seafoam (W)",CD046-002,"8,5 W / 40 EUR",160,"220,00 ",,
10532,11/10/2021,,Jordan,Sneakers,"Jordan 1 Retro High OG
Seafoam (W)",CD046-002,"6,5 W / 37,5 EUR",160,"220,00 ",220,
10533,11/10/2021,,Supreme,Habits,Supreme Crash Tee,FW21T50,L,52,"80,00 ",80,
10534,11/10/2021,,Supreme,Habits,Supreme Congo Blue Tee,FW21T34,L,52,"80,00 ",80,
10535,11/10/2021,,Nike,Sneakers,"Nike Dunk Low
Goldenrod (2021)",DD1391-004,10US / 44 EUR,110,"130,00 ",,
10536,15/10/2021,,Nike,Sneakers,Air max 90 Pineapple,DC5211-100,6W / 38EU,95.62,"135,00 ",,
10537,21/10/2021,,Nike,Sneakers,"Nike Dunk Low PRM
Halloween (2021) (TD)",DM0717-100,10C / 27EU,55,"60,00 ",,
10538,23/10/2021,,Adidas,Sneakers,"adidas Yeezy 450
Cloud White",H68038,"12,5 US / 47 1/3 EUR",200,"212,08 ",,
10539,25/10/2021,,Adidas,Sneakers,Adidas Ultraboost 1.0 DNA,GV7723,11US/45 1/3,126,"160,00 ",,
10540,06/11/2021,,Nike,Sneakers,Nike Dunk Low Michigan State ( GS ),CW1590-102,"4,5Y/36,5EUR",300,"408,94 ",408.94,
10541,06/11/2021,,Jordan,Sneakers,Air Jordan 1 University Blue (GS),575441-134,"6,5Y/39EUR",200,"378,40 ",,
10542,07/11/2021,,Nike,Sneakers,Nike Dunk Low NBA 75TH anniversary chicago,DD3363-100,10US/44EUR,150,"180,00 ",180,
10543,08/11/2021,,Nike,Sneakers,Nike Dunk Retro Low black and white,DD1391-100,7US/40EUR,110,"198,00 ",,
10544,08/11/2021,,Nike,Sneakers,Nike Dunk Low Georgetown,DD1391-003,"9,5US/43EUR",110,"172,72 ",172.72,
10545,08/11/2021,,Nike,Sneakers,Nike Dunk Low Georgetown,DD1391-003,"10,5US/44,5EUR",110,"172,72 ",172.72,
10546,08/11/2021,,Nike,Sneakers,Nike Dunk Low Georgetown,DD1391-003,12US/46EUR,110,"165,30 ",,
10547,12/11/2021,,Nike,Sneakers,sacai Undercover Night Maroon Team Royal,DJ4877-001,10US/44EUR,191,"220,00 ",,
10548,17/11/2021,,Nike,Sneakers,Nike Dunk High Black,553560-371,"8,5W/40EUR",110,"160,00 ",160,
10549,17/11/2021,,Jordan,Sneakers,Air jordan 1 Low Green,DD1869-103,"5,5Y/38EUR",90,"120,00 ",110,
10550,19/11/2021,,Nike,Sneakers,"Nike Air Max 1
Patta Waves Rush Maroon (with Bracelet)",DO9549-001,"9US/42,5EUR",178,"200,00 ",,
10551,20/11/2021,,Nike,Sneakers,Nike Air Force 1 Luxe 8 Pearl White,DB4109-200,8US/41EUR,132,"155,00 ",155,
10552,22/11/2021,,Nike,Sneakers,Nike Blazer Mid Mosaic,DA8854-500,10US/44EUR,89.39,"110,00 ",,
10553,22/11/2021,,Nike,Habits,ACG sans manche grise,mmmm,L,32.99,32.99,,
10554,23/11/2021,,Jordan,Sneakers,Jordan 1 Bordeaux,555088-611,"9,5US/43EUR",180,"190,00 ",190,
10555,24/11/2021,,Nike,Sneakers,"Nike Dunk Low
Pink Velvet (GS)",DO6485-600,"6,5Y/39EUR",90,"170,00 ",,
10556,26/11/2021,,Adidas,Sneakers,"adidas Superstar AEC
Sean Wotherspoon Superearth Black",GX3823,"5,5US/38,5EUR",73.5,"100,00 ",,
10557,28/11/2021,,Nike,Sneakers,Nike Dunk High Moon Fossil (W),DD1869-002,"9,5US/43EU",109.99,"130,00 ",,
10558,29/11/2021,,Nike,Sneakers,Nike Dunk High University Red,DD1399-106,"9,5US/43EU",109.99,"150,00 ",,
10559,29/11/2021,,Nike,Sneakers,"Nike Dunk Low
Archeo Pink (W)",DD1503-111,"9,5W/41EUR",109.99,"143,00 ",,
10560,29/11/2021,,Nike,Sneakers,"Nike Dunk Low
Archeo Pink (W)",DD1503-111,8W/39EUR,109.99,"143,00 ",,
10561,29/11/2021,,Nike,Sneakers,"Nike Dunk High
Aluminum (W)",DD1869-107,"8,5W/40EUR",119.99,"190,00 ",,
10562,01/12/2021,,Nike,Sneakers,"Nike Dunk Low
Archeo Pink (W)",DD1503-111,7W/38EUR,110,"143,00 ",,
10563,02/12/2021,,Nike,Sneakers,"Nike Dunk Low Scrap
Wolf Grey Light Lemon Twist",DC9723-001,10US/44EUR,109.99,"145,00 ",,
10564,02/12/2021,,Supreme,Accessoires,WINDSTOPPER® Neck Gaiter,Black,OS,60,"85,00 ",85,
10565,04/12/2021,,Adidas,Sneakers,Adidas Forum Low Bad Bunny Black,GW5021,7US/40EUR,160,"193,60 ",193.6,
10566,07/12/2021,,Supreme,Sneakers,Air Force 1 Low Black Supreme,CU9225-001,8US/41EUR,130,"150,00 ",150,
10567,09/12/2021,,Supreme,Accessoires,Supreme New Era Box Logo Beanie (FW21),Navy,OS,50,"75,00 ",70,
10568,10/12/2021,,Nike,Sneakers,"Nike Blazer Low
sacai KAWS Purple Dusk",DM7901-500,"9US/42,5EUR",139.99,"160,00 ",,
10569,10/12/2021,,Nike,Sneakers,"Nike Air Max BW QS
City Pack Lyon",DM6445-001,10US/44EUR,140,"193,60 ",193.6,
10570,10/12/2021,,Nike,Sneakers,"Nike Air Max BW QS
City Pack Lyon",DM6445-001,"8,5US/42EUR",140,"180,00 ",180,
10571,11/12/2021,,Jordan,Sneakers,"
Jordan 11 cool grey (2021)",CT8012-005,"9,5US/43EUR",189.99,"235,68 ",,
10572,11/12/2021,,Jordan,Sneakers,Jordan 11 cool grey (2021),CT8012-005,11US/45EUR,189.99,"267,82 ",260.71,
10573,11/12/2021,,Jordan,Sneakers,Jordan 11 cool grey (2021),CT8012-005,13US/47EUR,189.99,"299,95 ",,
10574,13/12/2021,,Adidas,Sneakers,Adidas Yeezy slide pure,GW1934,9US/43EUR,60,"110,00 ",110,
10575,13/12/2021,,Adidas,Sneakers,Adidas Yeezy slide pure,GW1934,"10US/44,5EUR",60,"110,00 ",110,
10576,15/12/2021,,Nike,Sneakers,Nike Dunk LowNext Nature Sail (W),"
DD1873-101","6,5US/37,5EUR",110,"130,00 ",130,
10577,17/12/2021,,Nike,Sneakers,"Nike Dunk Low
Grey Fog","
DD1391-103","11,5US/45,5US",99.99,"277,20 ",,
10578,17/12/2021,,Nike,Sneakers,"Nike Dunk Low
Next Nature Sail (W)","
DD1873-101","7,5W/38,5EUR",99.99,"130,00 ",,
10579,18/12/2021,,Jordan,Sneakers,"Jordan 1 Retro High OG
Hand Crafted",DH3097-001,10US/44EUR,160,"190,00 ",,
10580,18/12/2021,,Jordan,Sneakers,"Jordan 1 Retro High OG
Hand Crafted",DH3097-001,11US/45EUR,160,"190,00 ",190,
10581,21/12/2021,,Nike,Sneakers,"Nike Dunk Low
Winter Solstice (W)",DO6723-800,"9W/40,5EUR",120,"170,00 ",,
10582,28/12/2021,,Supreme,Habits,Spend It Tee,WHITE,L,48,"80,00 ",80,
10583,28/12/2021,,Supreme,Habits,Bed Tee,LIGHT TEAL,L,48,"80,00 ",80,
10584,28/12/2021,,Supreme,Habits,Spikes Tee,WHITE,XL,48,"80,00 ",80,
10585,28/12/2021,,Supreme,Habits,Spend It Tee,BLACK,S,52,"80,00 ",80,
10586,28/12/2021,,Supreme,Habits,Lady Pink Tee,BLACK,S,52,"80,00 ",80,
10587,29/12/2021,,Nike,Sneakers,"Nike Dunk Low
Georgetown (GS)",CW1590-004,"4,5Y/36,5EUR",131,"172,72 ",,
10588,29/12/2021,,Nike,Sneakers,"Nike Dunk Low
Georgetown (GS)","
CW1590-004","5Y/37,5EUR",131,"172,72 ",,
10589,29/12/2021,,Nike,Sneakers,"Nike Dunk Low
Georgetow","
DD1391-003",7US/40EUR,131,"172,72 ",,
10590,29/12/2021,,Nike,Sneakers,"Nike Dunk Low
Georgetown","
DD1391-003",8US/41EUR,131,"172,72 ",,
10591,29/12/2021,,Nike,Sneakers,"Nike Dunk Low
Georgetown","
DD1391-003","8,5US/42EUR",131,"172,72 ",,
10592,29/12/2021,,Nike,Sneakers,"Nike Dunk Low
Georgetown","
DD1391-003","9,5US/43EUR",131,"172,72 ",,
10593,29/12/2021,,Nike,Sneakers,"Nike Dunk Low
Georgetown","
DD1391-003",11US/45EUR,131,"172,72 ",,
10594,30/12/2021,,Nike,Sneakers,"Nike Dunk Low
Georgetown (GS)",CW1590-004,"6,5Y/39EUR",110,"172,72 ",,
10595,30/12/2021,,Jordan,Sneakers,Air Jordan 1 Retro High OG Bred Patent,"
555088-063",10US/44EUR,159.99,"270,00 ",,
10596,30/12/2021,,Supreme,Habits,Supreme box logo beanie Yankees 2021,SS21,OS,80,"100,00 ",,
10597,30/12/2021,,Nike,Sneakers,Nike Dunk Low Michigan,DD1391-700,7US/40EUR,110,"160,00 ",160,
10598,03/01/2022,,Jordan,Sneakers,Jordan 1 Bordeaux,555088-611,11US/45EUR,180,"190,00 ",190,
10599,04/01/2022,,Jordan,Sneakers,Air Jordan 1 Low Bred,553558-612,10US/44EUR,109.99,"160,00 ",160,
10600,13/01/2022,,Jordan,Sneakers,"Jordan 1 Retro High OG
Hand Crafted",DH3097-001,8US/41EUR,160,"180,00 ",,
10601,18/01/2022,,Nike,Sneakers,Nike Dunk Low SE (3D),DR0171-100,39,94.99,"110,00 ",,
10602,20/01/2022,,New Balance,Sneakers,New Balance 550 Burgundy Cyan,BB550WBG,10US/44EUR,129.99,"170,00 ",160,
10603,20/01/2022,,New Balance,Sneakers,New Balance 2002 R grey,M2002RC1,"8,5US/42EUR",125,"155,00 ",155,
10604,20/01/2022,,New Balance,Sneakers,New Balance 2002 R grey,M2002RC1,11US/45EUR,125,"145,20 ",145.2,
10605,22/01/2022,,New Balance,Sneakers,New Balance 550 UNC,BB550HL1,"5,5US/38EUR",125.85,"300,00 ",,
10606,25/01/2022,,Jordan,Sneakers,Air Jordan 1 Mid Anthracite,554724-078,11US/45EUR,129.99,"200,00 ",200,
10607,26/01/2022,,Nike,Sneakers,"Nike Dunk Low
Signal Blue Lemon Twist (GS)","
DQ0977-100",37,94,"100,00 ",,
10608,26/01/2022,,Supreme,Accessoires,Supreme Scarface Shower Deck,SS17,OS,220,"250,00 ",250,
10609,28/01/2022,,Nike,Habits,Nike SB x Parra Japan Federation Kit Skate Tracksuit,"
CT6058-010",M,115,"160,00 ",,
10610,28/01/2022,,Nike,Sneakers,Air Force 1 Shadow Ametiste,CI0919113,"6US/36,5EUR",75,"117,63 ",,
10611,28/01/2022,,Nike,Sneakers,Air Force 1 Shadow Ametiste,CI0919113,"6,5US/37,5EUR",75,"117,63 ",,
10612,03/02/2022,,Nike,Sneakers,Nike Dunk Low EMBNBA 75th Anniversary Chicago,"
DD3363-100","9,5US/43EUR",99.99,"149,60 ",,
10613,07/02/2022,,Adidas,Sneakers,"adidas Terrex Free Hiker
Human Race Triple Black Pack","
GZ9820",10US/44EUR,122,"156,64 ",156.64,
10614,07/02/2022,,Adidas,Sneakers,"adidas Terrex Free Hiker
Human Race Triple Black Pack","
GZ9820","10,5US/44,5EUR",122,"146,96 ",,
10615,07/02/2022,,Adidas,Sneakers,"adidas Terrex Free Hiker
Human Race Triple Black Pack","
GZ9820",11US/45EUR,122,"149,60 ",149.6,
10616,07/02/2022,,Adidas,Sneakers,Adidas NMD R1,FY9024,"9,5US/43EUR",45,"80,08 ",80.08,
10617,07/02/2022,,Nike,Habits,"Nike x Atmos NRG Vintage Patchwork Track Pant
Black/Hyper Jade",SS19,S,40.59,"72,16 ",,
10618,07/02/2022,,Nike,Habits,"Nike x Atmos NRG Vintage Patchwork Track Pant
Black/Hyper Jade",SS19,S,40.59,"60,00 ",,
10619,07/02/2022,,Nike,Habits,"Nike x Atmos NRG Vintage Patchwork Track Pant
Black/Hyper Jade",SS19,S,40.59,"74,80 ",,
10620,07/02/2022,,Nike,Habits,"Nike x Atmos NRG Vintage Patchwork Track Pant
Black/Hyper Jade",SS19,M,40.59,"64,24 ",,
10621,10/02/2022,,Jordan,Sneakers,"Jordan 1 Mid SE
Light Iron Ore (W)","
DN4045-001","40,5",129.99,"130,00 ",,
10622,11/02/2022,,Nike,Sneakers,"Nike Dunk Low
Valentine's Day (2022) (W)",DQ9324-600,11W/43EU,130,"180,00 ",,
10623,11/02/2022,,Nike,Sneakers,Nike Dunk High Skinny Red Plaid (W),344142-611,"9US/40,5EUR",68.5,"120,00 ",,
10624,12/02/2022,,Nike,Sneakers,"
Nike Dunk Low
Venice (W)","DD1503-116

",39,99.99,"180,00 ",,
10625,14/02/2022,,Nike,Sneakers,"Nike Air Max 1
Patta Waves Monarch (with Bracelet)",DH1348-001,7US/40EU,230,"280,00 ",,
10626,14/02/2022,,Jordan,Sneakers,"Jordan 4 Retro
Red Thunder","
CT8527-016","8,5US/42EU",290,"350,00 ",,
10627,14/02/2022,,Jordan,Sneakers,"Jordan 4 Retro
Red Thunder","
CT8527-016","9,5US/43EU",290,"350,00 ",,
10628,14/02/2022,,Jordan,Sneakers,"Jordan 4 Retro
Red Thunder","
CT8527-016","9,5US/43EU",290,"350,00 ",,
10629,15/02/2022,,Nike,Sneakers,"Nike Dunk High
Championship White Red",DD1399-106,"8,5US/42EU",115,"150,00 ",,
10630,15/02/2022,,Nike,Sneakers,"Nike Dunk High
Championship White Red",DD1399-106,10US/44EU,115,"150,00 ",,
10631,15/02/2022,,Jordan,Sneakers,Air Jordan 1 Dark Marine Blue,"
555088-404",10US/44EU,176.98,"210,00 ",,
10632,15/02/2022,,Jordan,Sneakers,"Jordan 1 Mid SE
Light Iron Ore (W)",DN4045-001,"36,5",162.69,"190,00 ",,
10633,17/02/2022,,Supreme,Habits,Supreme Gas Tee Black,SS22,Medium,51,"70,00 ",,
10634,17/02/2022,,Supreme,Habits,Supreme Model Tee Natural,SS22,Small,51,"62,00 ",,
10635,17/02/2022,,Supreme,Habits,Supreme Al Green Tee White,SS22,Medium,51,"62,00 ",,
10636,17/02/2022,,Supreme,Habits,Supreme Classic Logo Tee Pink,SS22,Medium,51,"75,00 ",,
10637,18/02/2022,,Jordan,Sneakers,Air Jordan 1 Dark Marine Blue,555088-404,"9,5US/43EUR",169.99,"210,00 ",,
10638,21/02/2022,,Nike,Sneakers,Nike Dunk Low Retro Black & White,"
DD1391-100","9,5US/43EUR",99.99,"180,00 ",,
10639,24/02/2022,,Jordan,Sneakers,"Jordan 1 Mid
Diamond Shorts","
DH6933-100",7US/40EUR,129.99,"171,60 ",,
10640,24/02/2022,,Jordan,Sneakers,Air Jordan 1 Brotherhood,555088-706,10US/44EUR,169.99,"175,00 ",,
10641,26/02/2022,,Nike,Sneakers,"Nike Dunk Low
Venice (W)","DD1503-116

","9,5W/41EUR",130,"180,00 ",,
10642,26/02/2022,,Palace,Habits,Palace Bonsaï T-shirt Grey,Ss22,M,60,"80,00 ",70,
10643,01/03/2022,,Jordan,Sneakers,Air Jordan 1 Brotherhood,555088-706,12US/46EU,170,"200,00 ",,
10644,03/03/2022,,Jordan,Sneakers,Air Jordan 1 Mid Pästel Grind,DJ0338-100,7Y/40EU,104.99,"120,00 ",,
10645,03/03/2022,,Supreme,Habits,Raised Handstyle Hoodie,SS22SW50,M/black,168,"200,00 ",,
10646,03/03/2022,,Supreme,Accessoires,Washed Chino Blue,SS22H106,OS,52,"65,00 ",,
10647,04/03/2022,,Supreme,Accessoires,"
Hanes Boxer",99HAA36,XL,40,"52,00 ",,
10648,04/03/2022,,Supreme,Accessoires,Washed Chino Green,"
SS22H106",OS,52,"65,00 ",,
10649,04/03/2022,,Supreme,Habits,Deer Tee,"
SS22T35",XL,46,"62,00 ",,
10650,04/03/2022,,Supreme,Habits,Classic Logo Tee Navy,SS22T52,M,46,"50,00 ",50,
10651,05/03/2022,,Jordan,Sneakers,Jordan 1 Low Mocha,"
DC6991-200",11US/45EUR,120,"175,00 ",175,
10652,07/03/2022,,Jordan,Sneakers,Air Jordan 1 Mid Pästel Grind,DJ0338-100,"6Y/38,5EUR",104.99,"122,53 ",122.53,
10653,07/03/2022,,Jordan,Sneakers,Air Jordan 1 Low Pästel Grind (RETOUR),DJ0341-100,"6Y/38,5EUR",94.99,"110,00 ",,
10654,22/03/2022,,Nike,Sneakers,Nike Dunk Low Two-Toned Grey (GS),"
DH9765-001",7Y/40EUR,90,"140,80 ",,
10655,22/03/2022,,Nike,Sneakers,"Nike Dunk Low
Two-Toned Grey (GS)","
DH9765-001","5,5Y/38EUR",90,"130,00 ",,
10656,24/03/2022,,Jordan,Sneakers,Jordan 1 Low golf Wolf grey,DD9315-002,"10,5US/44EUR",129.99,"175,00 ",,
10657,26/03/2022,,Nike,Sneakers,Air Max 1AMD Ville Lumiere,DQ9326-100,"9,5W/41EUR",180,"210,00 ",,
10658,30/03/2022,,Nike,Sneakers,Nike Dunk High Khaki,DD1399-107,12US/46EUR,119,"130,00 ",,
10659,31/03/2022,,Nike,Sneakers,Nike dunk Low next nature red,DN1421-101,"6,5US/ 37,5EUR",99.99,"200,00 ",,
10660,31/03/2022,,Nike,Sneakers,Air Max 1 SP concept melo,DN1803-300,"9US/42,5EUR",160,"220,00 ",,
10661,31/03/2022,,Supreme,Accessoires,Supreme uncut Box Logo deck,SS22,"8,25",90,"105,00 ",,
10662,01/04/2022,,Nike SB,Sneakers,Nike SB Dunk Low Polaroïd,DH7722-001,"10,5US/44,5EUR",119.99,"170,00 ",170,
10663,11/04/2022,,Nike,Sneakers,Nike Air Max 1 ville Lumière,DQ9326-100,11 US/43 EUR,170,"210,00 ",,
10664,15/04/2022,,Nike,Sneakers,Nike Dunk Low avocado (W),DM7606-300,"8,5US/40,5EUR",119.99,"150,00 ",,
10665,16/04/2022,,New Balance,Sneakers,"New Balance 2002R
Protection Pack Mirage Grey",M2002RDD,"37,5",170,"200,00 ",,
10666,16/04/2022,,New Balance,Sneakers,"New Balance 2002R
Protection Pack Mirage Grey",M2002RDD,38,170,"200,00 ",,
10667,17/04/2022,,New Balance,Sneakers,New Balance 550 White grey,BB550PB1,7 US / 40 EUR,130,"150,00 ",145.2,
10668,17/04/2022,,New Balance,Sneakers,New Balance 550 White grey,BB550PB1,10US / 44 EUR,130,"150,00 ",,
10669,20/04/2022,,Nike,Sneakers,"Nike Dunk Low LX
Banana (W)",DR5487-100,"9,5W/41EUR",119.99,"150,00 ",150,
10670,20/04/2022,,Nike,Sneakers,Nike Dunk Low Two-Toned Grey,DJ6188-001,8 US / 41 EUR,158.68,"180,00 ",,
10671,23/04/2022,,Nike,Sneakers,"Nike Dunk Low
Next Nature White Mint (W)","
DN1431-102",11W/43EUR,99.99,"150,00 ",,
10672,03/05/2022,,Jordan,Sneakers,"Jordan 1 Mid
Mystic Navy Mint Foam","
554724-413","9,5US/43EUR",119.99,"150,00 ",,
10673,07/05/2022,,Nike,Sneakers,"Nike Dunk Low
Retro White Black Panda (2021)",DD1391-100,8US/41EUR,190,"210,00 ",,
10674,16/05/2022,,Adidas,Sneakers,"adidas Yeezy Slide
Glow Green (2022) (Restock)","
HQ6447",8US/42EUR,70,"100,00 ",,
10675,16/05/2022,,Adidas,Sneakers,"adidas Yeezy Slide
Onyx","
HQ6448",9US/43EUR,70,"110,00 ",,
10676,20/05/2022,,Jordan,Sneakers,"Jordan 4 Retro
Military Black","
DH6927-111","8,5US/42EUR",211,"330,00 ",,
10677,23/05/2022,,Nike,Sneakers,"Nike Dunk Low
Light Iron Ore Red Blue",DV3497-001,"10,5US/44,5EUR",120,"135,00 ",,
10678,23/05/2022,,Nike,Sneakers,"
Nike Air Zoom Pulse",CT1629-003,8US/41EUR,59.63,"80,00 ",,
10679,08/06/2022,,Adidas,Sneakers,YZY FOAM RNR ADULTS,HP8739,9US/43EU,90,"170,00 ",,
10680,08/06/2022,,New Balance,Sneakers,"New Balance 2002R 
Bordeaux","
M2002RHA","10,5US/44,5EU",151,"200,00 ",,
10681,13/06/2022,,Nike,Sneakers,Nike Dunk High Summit White football grey,DJ6189-100,"9,5US/43EUR",109.99,"145,00 ",,
10682,13/06/2022,,Nike,Sneakers,Nike Dunk High Summit White football grey (GS),DB2179-107,"5,5Y/38EUR",94.99,"125,00 ",,
10683,13/06/2022,,Nike,Sneakers,Nike Dunk High Obsidian (GS),DB2179-400,"5Y/37,5",94.99,"115,00 ",,
10684,13/06/2022,,Nike,Sneakers,Nike Dunk Low Rose Wisper,DD1503-118,7W/38EUR,99.99,"160,00 ",,
10685,13/06/2022,,Nike,Sneakers,Nike Dunk High Summit White football grey,DJ6189-100,9 US / 42 EUR,109.99,"145,00 ",,
10686,15/06/2022,,New Balance,Sneakers,New Balance 2002 R night Tide,M2002RWC,"10,5 US / 44,5 EUR",150,"185,00 ",,
10687,16/06/2022,,Jordan,Sneakers,Air Jordan 1 high OG Visionnaire,555088-702,"9,5 US / 43 EUR",181,"200,00 ",,
10688,16/06/2022,,Nike,Sneakers,Nike Dunk Low oxydized,Dv6486-100,"9,5US/43",109.99,"135,00 ",,
10689,17/06/2022,,Jordan,Sneakers,Air Jordan 1 Low Bleached Coral,CZ0790-061,"10,5 US /44,5 EUR",129.99,"165,00 ",,
10690,17/06/2022,,Jordan,Sneakers,Air Jordan 1 Low Bleached Coral,CZ0790-061,"6US/38,5EUR",129.99,"165,00 ",,
10691,18/06/2022,,Jordan,Sneakers,Air Jordan 1 mid SE Mulberry (w),Dc7267-500,8 US / 39 EUR,140,"180,00 ",,
10692,18/06/2022,,Nike SB,Sneakers,Nike SB Dunk High Supreme By any means,DN3741-600,"9,5US/43 EUR",150,"185,00 ",,
10693,19/06/2022,,Nike,Sneakers,Nike Dunk Low oxydized,Dv6486-100,"9 US / 42,5 EUR",109.99,"150,00 ",,
10694,19/06/2022,,Nike,Sneakers,Nike Dunk Low oxydized,Dv6486-100,11 US / 45 EUR,109.99,"150,00 ",160,
10695,19/06/2022,,Nike,Sneakers,Nike Dunk Low Black and white,DD1391-100,"10,5 US / 44,5 EUR",175,"200,00 ",,
10696,19/06/2022,,NEW Balance,Sneakers,NEW balance 550 samples,X,7 US / 40 EUR,100,"200,00 ",,
10697,20/06/2022,,Nike,Sneakers,Nike Air Max 1 Madder Roots,DV3196-800,"9 US / 42,5 EUR",149.99,"180,00 ",,
10698,21/06/2022,,Nike,Sneakers,Nike Air Max plus Dark green,X,"6 US / 38,5 EUR",34.99,"80,00 ",,
10699,21/06/2022,,Nike,Sneakers,Nike Air Max plus Dark green,X,"6,5 US / 39 EUR",34.99,"80,00 ",,
10700,22/06/2022,,Nike,Sneakers,Nike Air Max Terrascape Plus Rattan,DN4587-200,11US/45EUR,89.97,"120,00 ",,
10701,22/06/2022,,Nike,Sneakers,Nike Air Max Terrascape Plus Obsidian Thunder Blue,DN4587-400,11US/45EUR,89.97,"120,00 ",120,
10702,23/06/2022,,Supreme,Accessoires,Supreme Poggi Small planter,SS22,Small,56,"75,00 ",,
10703,23/06/2022,,Nike,Sneakers,Nike Air Max Terrascape Plus Obsidian Thunder Blue,DN4587-400,10 US / 44 EUR,89.97,"105,00 ",,
10704,23/06/2022,,Nike,Sneakers,Nike Air Max Terrascape Plus Rattan,DN4587-200,7 US / 40 EUR,89.97,"120,00 ",,
10705,23/06/2022,,Nike,Sneakers,Nike Air Max Terrascape Plus Rattan,DN4587-200,"9 US / 42,5 EUR",89.97,"120,00 ",,
10706,23/06/2022,,Nike,Sneakers,Nike Air Max Terrascape Plus Rattan,DN4587-200,"9,5 US / 43 EUR",89.97,"120,00 ",,
10707,23/06/2022,,Nike,Sneakers,Nike Dunk Low Valérian,DD1391-400,8 US / 41 EUR,110,"150,00 ",,
10708,23/06/2022,,Nike,Sneakers,"Nike Dunk Low 
Ocean (W)","
DV3029-100","7,5W / 38,5 EUR",110,"160,00 ",,
10709,23/06/2022,,Nike,Sneakers,Nike Dunk Low Valérian,DD1391-400,8 US / 41 EUR,110,"150,00 ",,
10710,23/06/2022,,Nike,Sneakers,"Nike Air Force 1 Mid 
Off-White White","
DO6290-100","10,5US / 44,5EUR",180,"220,00 ",,
10711,23/06/2022,,Nike,Sneakers,Nike Dunk Low oxydized,Dv6486-100,8 US / 41 EUR,110,"150,00 ",,
10712,24/06/2022,,Nike,Sneakers,"Nike Air Max 1 
Patta Waves Rush Maroon (with Bracelet)",DO9549-001,11US / 45 EUR,159.9,"190,00 ",,
10713,27/06/2022,,Nike,Sneakers,"Nike Cortez 
Union Sesame",DR1413-200,8US/41EUR,141,"170,00 ",,
10714,21/10/2023,,Nike,Sneakers,"Nike Dunk Low
Georgetown",DD1391-003,7US / 40EU,109,"172,72 ",,
10715,16/06/2022,,Jordan,Sneakers,Air Jordan 1 Low Golf UNC,DD9315-100,11US/45EUR,129.99,"160,00 ",,
10716,25/03/2020,,Supreme,Habits,Supreme The North Face Sketch S/S Top,"
SS22",M,55,"62,00 ",,
10717,31/08/2021,,Nike,Sneakers,Nike Dunk Low Off-White Lot 24,DOW-24,12US/46Eu,280,"330,00 ",,
10718,12/01/2022,,Jordan,Sneakers,Jordan 1 Mid Banned 2020 (GS),554725-074,"4,5Y/36,5EU",85,"100,00 ",,
10719,08/05/2022,,Nike,Sneakers,Dunk low Photon dust,DD1503-103,7W/38,100,"178,00 ",,
10720,27/04/2021,,Nike,Sneakers,Air max 2 Light Atmos,CJ6200-001,"9,5US/43",0,"0,00 ",,
10721,21/06/2022,,Nike,Sneakers,Dunk High Game Royal,DD1399-102,7US/40EU,110,"150,00 ",,
10722,09/05/2022,,Jordan,Sneakers,Air Jordan 5 Retro Fire Red (2013),440888-100,"5,5Y/38",15,"20,00 ",,
10723,09/05/2022,,Nike,Sneakers,Dunk Low Pink Mist Easter,309324-143,"7,5/38,5",2,"106,45 ",,
10724,12/01/2022,,Jordan,Sneakers,Air Jordan 3 Black Cement (2018),429487-021,"13,5C/31,5",0,"0,00 ",,
10725,12/01/2022,,Nike,Sneakers,Dunk High Pink,316604-101,"4,5Y/36,5",4,"30,00 ",,
10726,08/05/2022,,Divers,Habits,Chaussette LIDL,,43-46,3.5,"6,00 ",,
10727,12/01/2022,,Nike,Habits,ACG Fleece,,M,30,"50,00 ",,
10728,09/05/2022,,Nike,Sneakers,"Nike Dunk High
Championship Navy (GS)",DB2179-104,"6,5Y/39EUR",100,"120,00 ",,
10729,21/06/2022,,Nike,Sneakers,"Nike Dunk Low
Midas Gold",DD1391-701,"8,5 US / 42EUR",100,"120,00 ",,
10730,08/05/2022,,Jordan,Sneakers,"Jordan 1 Mid
Armory Navy (GS)",554725-411,"5Y / 37,5 EUR",85,"120,00 ",120,
10731,08/05/2022,,Jordan,Sneakers,"Jordan 1 Low
Pink Red (GS)","
553560-162","6,5 Y / 39 EUR",85,"110,00 ",,
10732,09/05/2022,,Jordan,Sneakers,Jordan 1 Mid Armory Navy (GS),554725-411,"5Y / 37,5 EUR",85,"110,00 ",110,
10733,09/05/2022,,Jordan,Sneakers,Jordan 1 Mid Armory Navy (GS),554725-411,"4,5Y / 36,5 EUR",85,"110,00 ",110,
10734,21/06/2022,,Nike,Sneakers,"Nike SB Dunk Low
Wheat (2020)",BQ6817-204,10US /44EU,110,"179,22 ",,
10735,12/01/2022,,Nike,Sneakers,"Nike SB Dunk Low
Wheat (2020)",BQ6817-204,7US / 40EU,110,"158,40 ",,
10736,12/01/2022,,Supreme,Sneakers,Air Force 1 Supreme Black,CU9225-001,12US / 46EU,122,"150,00 ",,
10737,21/06/2022,,Jordan,Sneakers,"Jordan 4 Retro
Lightning (2021)",CT8527-700,10US/44EU,190,"250,00 ",,
10738,08/05/2022,,Nike,Sneakers,Dunk High (PUCE),DHVP,39,5,"45,00 ",,
10739,12/01/2022,,Jordan,Sneakers,Jordan 4 Retro Lightning (2021),CT8527-700,"8,5US/42EU",190,"250,00 ",,
10740,08/05/2022,,Nike,Sneakers,Nike Sacai Waflle Undercover Bright Citrus,DJ4877-001,10US/44EUR,178,"220,00 ",,
10741,08/10/2021,,Nike,Sneakers,Nike Dunk Retro Low black and white (GS),CW1590-100,7Y/40EUR,90,"152,25",,
10742,08/10/2021,,Nike,Sneakers,Nike Dunk Retro Low black and white (GS),CW1590-100,7Y/40EUR,90,"160,13",,
